Unit ,Plot,Species,myc.species.type,myc.legacy.type,Num.,Tag ID,Prox
10,5,ACRU,AM,AM,1,10_5 ACRU_1,Center
10,5,ACRU,AM,AM,2,10_5 ACRU_2,Center
10,5,ACRU,AM,AM,3,10_5 ACRU_3,n/a
10,5,ACRU,AM,AM,4,10_5 ACRU_4,Center
10,5,ACRU,AM,AM,5,10_5 ACRU_5,Edge
10,5,ACRU,AM,AM,6,10_5 ACRU_6,Edge
10,5,ACRU,AM,AM,7,10_5 ACRU_7,n/a
10,5,ACRU,AM,AM,8,10_5 ACRU_8,Edge
10,5,ACRU,AM,AM,9,10_5 ACRU_9,Center
10,5,ACRU,AM,AM,10,10_5 ACRU_10,n/a
10,5,ACRU,AM,AM,11,10_5 ACRU_11,Center
10,5,ACRU,AM,AM,12,10_5 ACRU_12,Edge
10,5,ACRU,AM,AM,13,10_5 ACRU_13,Edge
10,5,ACRU,AM,AM,14,10_5 ACRU_14,Edge
10,5,ACRU,AM,AM,15,10_5 ACRU_15,Edge
10,5,ACRU,AM,AM,16,10_5 ACRU_16,Edge
10,5,ACRU,AM,AM,17,10_5 ACRU_17,Center
10,5,ACRU,AM,AM,18,10_5 ACRU_18,Center
10,5,ACRU,AM,AM,19,10_5 ACRU_19,Edge
10,5,ACRU,AM,AM,20,10_5 ACRU_20,Edge
10,5,ACSA,AM,AM,1,10_5 ACSA_1,Edge
10,5,ACSA,AM,AM,2,10_5 ACSA_2,Edge
10,5,ACSA,AM,AM,3,10_5 ACSA_3,n/a
10,5,ACSA,AM,AM,4,10_5 ACSA_4,Center
10,5,ACSA,AM,AM,5,10_5 ACSA_5,n/a
10,5,ACSA,AM,AM,6,10_5 ACSA_6,Center
10,5,ACSA,AM,AM,7,10_5 ACSA_7,Edge
10,5,ACSA,AM,AM,8,10_5 ACSA_8,Edge
10,5,ACSA,AM,AM,9,10_5 ACSA_9,Center
10,5,ACSA,AM,AM,10,10_5 ACSA_10,n/a
10,5,ACSA,AM,AM,11,10_5 ACSA_11,Center
10,5,ACSA,AM,AM,12,10_5 ACSA_12,Edge
10,5,ACSA,AM,AM,13,10_5 ACSA_13,Edge
10,5,ACSA,AM,AM,14,10_5 ACSA_14,Edge
10,5,ACSA,AM,AM,15,10_5 ACSA_15,Edge
10,5,ACSA,AM,AM,16,10_5 ACSA_16,Edge
10,5,ACSA,AM,AM,17,10_5 ACSA_17,Center
10,5,ACSA,AM,AM,18,10_5 ACSA_18,Center
10,5,ACSA,AM,AM,19,10_5 ACSA_19,Edge
10,5,ACSA,AM,AM,20,10_5 ACSA_20,Edge
10,5,NYSY,AM,AM,1,10_5 NYSY_1,Edge
10,5,NYSY,AM,AM,2,10_5 NYSY_2,Edge
10,5,NYSY,AM,AM,3,10_5 NYSY_3,n/a
10,5,NYSY,AM,AM,4,10_5 NYSY_4,Center
10,5,NYSY,AM,AM,5,10_5 NYSY_5,Center
10,5,NYSY,AM,AM,6,10_5 NYSY_6,Center
10,5,NYSY,AM,AM,7,10_5 NYSY_7,Center
10,5,NYSY,AM,AM,8,10_5 NYSY_8,Center
10,5,NYSY,AM,AM,9,10_5 NYSY_9,Edge
10,5,NYSY,AM,AM,10,10_5 NYSY_10,Edge
10,5,NYSY,AM,AM,11,10_5 NYSY_11,n/a
10,5,NYSY,AM,AM,12,10_5 NYSY_12,Edge
10,5,NYSY,AM,AM,13,10_5 NYSY_13,Center
10,5,NYSY,AM,AM,14,10_5 NYSY_14,n/a
10,5,NYSY,AM,AM,15,10_5 NYSY_15,Edge
10,5,NYSY,AM,AM,16,10_5 NYSY_16,Edge
10,5,NYSY,AM,AM,17,10_5 NYSY_17,Center
10,5,NYSY,AM,AM,18,10_5 NYSY_18,Center
10,5,NYSY,AM,AM,19,10_5 NYSY_19,Edge
10,5,NYSY,AM,AM,20,10_5 NYSY_20,Edge
10,5,PRSE,AM,AM,1,10_5 PRSE_1,n/a
10,5,PRSE,AM,AM,2,10_5 PRSE_2,n/a
10,5,PRSE,AM,AM,3,10_5 PRSE_3,n/a
10,5,PRSE,AM,AM,4,10_5 PRSE_4,Edge
10,5,PRSE,AM,AM,5,10_5 PRSE_5,Edge
10,5,PRSE,AM,AM,6,10_5 PRSE_6,Edge
10,5,PRSE,AM,AM,7,10_5 PRSE_7,Edge
10,5,PRSE,AM,AM,8,10_5 PRSE_8,Edge
10,5,PRSE,AM,AM,9,10_5 PRSE_9,Edge
10,5,PRSE,AM,AM,10,10_5 PRSE_10,Center
10,5,PRSE,AM,AM,11,10_5 PRSE_11,Edge
10,5,PRSE,AM,AM,12,10_5 PRSE_12,n/a
10,5,PRSE,AM,AM,13,10_5 PRSE_13,Center
10,5,PRSE,AM,AM,14,10_5 PRSE_14,Center
10,5,PRSE,AM,AM,15,10_5 PRSE_15,n/a
10,5,PRSE,AM,AM,16,10_5 PRSE_16,Edge
10,5,PRSE,AM,AM,17,10_5 PRSE_17,Edge
10,5,PRSE,AM,AM,18,10_5 PRSE_18,Edge
10,5,PRSE,AM,AM,19,10_5 PRSE_19,Center
10,5,PRSE,AM,AM,20,10_5 PRSE_20,Edge
10,5,BELE,EcM,AM,1,10_5 BELE_1,n/a
10,5,BELE,EcM,AM,2,10_5 BELE_2,Edge
10,5,BELE,EcM,AM,3,10_5 BELE_3,Edge
10,5,BELE,EcM,AM,4,10_5 BELE_4,Center
10,5,BELE,EcM,AM,5,10_5 BELE_5,Center
10,5,BELE,EcM,AM,6,10_5 BELE_6,Edge
10,5,BELE,EcM,AM,7,10_5 BELE_7,Edge
10,5,BELE,EcM,AM,8,10_5 BELE_8,Edge
10,5,BELE,EcM,AM,9,10_5 BELE_9,Edge
10,5,BELE,EcM,AM,10,10_5 BELE_10,n/a
10,5,BELE,EcM,AM,11,10_5 BELE_11,Edge
10,5,BELE,EcM,AM,12,10_5 BELE_12,Edge
10,5,BELE,EcM,AM,13,10_5 BELE_13,n/a
10,5,BELE,EcM,AM,14,10_5 BELE_14,Center
10,5,BELE,EcM,AM,15,10_5 BELE_15,Center
10,5,BELE,EcM,AM,16,10_5 BELE_16,Edge
10,5,BELE,EcM,AM,17,10_5 BELE_17,Edge
10,5,BELE,EcM,AM,18,10_5 BELE_18,Edge
10,5,BELE,EcM,AM,19,10_5 BELE_19,Center
10,5,BELE,EcM,AM,20,10_5 BELE_20,Center
10,5,CACO,EcM,AM,1,10_5 CACO_1,Edge
10,5,CACO,EcM,AM,2,10_5 CACO_2,Center
10,5,CACO,EcM,AM,3,10_5 CACO_3,Center
10,5,CACO,EcM,AM,4,10_5 CACO_4,n/a
10,5,CACO,EcM,AM,5,10_5 CACO_5,Edge
10,5,CACO,EcM,AM,6,10_5 CACO_6,Edge
10,5,CACO,EcM,AM,7,10_5 CACO_7,Center
10,5,CACO,EcM,AM,8,10_5 CACO_8,Edge
10,5,CACO,EcM,AM,9,10_5 CACO_9,Center
10,5,CACO,EcM,AM,10,10_5 CACO_10,Edge
10,5,CACO,EcM,AM,11,10_5 CACO_11,Edge
10,5,CACO,EcM,AM,12,10_5 CACO_12,Edge
10,5,CACO,EcM,AM,13,10_5 CACO_13,n/a
10,5,CACO,EcM,AM,14,10_5 CACO_14,n/a
10,5,CACO,EcM,AM,15,10_5 CACO_15,n/a
10,5,CACO,EcM,AM,16,10_5 CACO_16,Center
10,5,CACO,EcM,AM,17,10_5 CACO_17,n/a
10,5,CACO,EcM,AM,18,10_5 CACO_18,Edge
10,5,CACO,EcM,AM,19,10_5 CACO_19,Edge
10,5,CACO,EcM,AM,20,10_5 CACO_20,n/a
10,5,QURU,EcM,AM,1,10_5 QURU_1,Edge
10,5,QURU,EcM,AM,2,10_5 QURU_2,Edge
10,5,QURU,EcM,AM,3,10_5 QURU_3,Edge
10,5,QURU,EcM,AM,4,10_5 QURU_4,Center
10,5,QURU,EcM,AM,5,10_5 QURU_5,n/a
10,5,QURU,EcM,AM,6,10_5 QURU_6,Center
10,5,QURU,EcM,AM,7,10_5 QURU_7,Edge
10,5,QURU,EcM,AM,8,10_5 QURU_8,n/a
10,5,QURU,EcM,AM,9,10_5 QURU_9,Center
10,5,QURU,EcM,AM,10,10_5 QURU_10,Center
10,5,QURU,EcM,AM,11,10_5 QURU_11,Center
10,5,QURU,EcM,AM,12,10_5 QURU_12,Center
10,5,QURU,EcM,AM,13,10_5 QURU_13,Center
10,5,QURU,EcM,AM,14,10_5 QURU_14,Center
10,5,QURU,EcM,AM,15,10_5 QURU_15,Edge
10,5,QURU,EcM,AM,16,10_5 QURU_16,n/a
10,5,QURU,EcM,AM,17,10_5 QURU_17,Edge
10,5,QURU,EcM,AM,18,10_5 QURU_18,Edge
10,5,QURU,EcM,AM,19,10_5 QURU_19,Center
10,5,QURU,EcM,AM,20,10_5 QURU_20,n/a
10,5,TIAM,EcM,AM,1,10_5 TIAM_1,n/a
10,5,TIAM,EcM,AM,2,10_5 TIAM_2,n/a
10,5,TIAM,EcM,AM,3,10_5 TIAM_3,Center
10,5,TIAM,EcM,AM,4,10_5 TIAM_4,Edge
10,5,TIAM,EcM,AM,5,10_5 TIAM_5,Edge
10,5,TIAM,EcM,AM,6,10_5 TIAM_6,n/a
10,5,TIAM,EcM,AM,7,10_5 TIAM_7,Edge
10,5,TIAM,EcM,AM,8,10_5 TIAM_8,Edge
10,5,TIAM,EcM,AM,9,10_5 TIAM_9,Edge
10,5,TIAM,EcM,AM,10,10_5 TIAM_10,Edge
10,5,TIAM,EcM,AM,11,10_5 TIAM_11,Edge
10,5,TIAM,EcM,AM,12,10_5 TIAM_12,Edge
10,5,TIAM,EcM,AM,13,10_5 TIAM_13,n/a
10,5,TIAM,EcM,AM,14,10_5 TIAM_14,Center
10,5,TIAM,EcM,AM,15,10_5 TIAM_15,Center
10,5,TIAM,EcM,AM,16,10_5 TIAM_16,Center
10,5,TIAM,EcM,AM,17,10_5 TIAM_17,Edge
10,5,TIAM,EcM,AM,18,10_5 TIAM_18,Center
10,5,TIAM,EcM,AM,19,10_5 TIAM_19,n/a
10,5,TIAM,EcM,AM,20,10_5 TIAM_20,Edge
8,1,ACRU,AM,AM,1,8_1 ACRU_1,Edge
8,1,ACRU,AM,AM,2,8_1 ACRU_2,Edge
8,1,ACRU,AM,AM,3,8_1 ACRU_3,Edge
8,1,ACRU,AM,AM,4,8_1 ACRU_4,Edge
8,1,ACRU,AM,AM,5,8_1 ACRU_5,Center
8,1,ACRU,AM,AM,6,8_1 ACRU_6,Center
8,1,ACRU,AM,AM,7,8_1 ACRU_7,Center
8,1,ACRU,AM,AM,8,8_1 ACRU_8,Center
8,1,ACRU,AM,AM,9,8_1 ACRU_9,Center
8,1,ACRU,AM,AM,10,8_1 ACRU_10,Center
8,1,ACRU,AM,AM,11,8_1 ACRU_11,Center
8,1,ACRU,AM,AM,12,8_1 ACRU_12,n/a
8,1,ACRU,AM,AM,13,8_1 ACRU_13,n/a
8,1,ACRU,AM,AM,14,8_1 ACRU_14,n/a
8,1,ACRU,AM,AM,15,8_1 ACRU_15,Edge
8,1,ACRU,AM,AM,16,8_1 ACRU_16,n/a
8,1,ACRU,AM,AM,17,8_1 ACRU_17,n/a
8,1,ACRU,AM,AM,18,8_1 ACRU_18,Edge
8,1,ACRU,AM,AM,19,8_1 ACRU_19,Edge
8,1,ACRU,AM,AM,20,8_1 ACRU_20,Edge
8,1,ACSA,AM,AM,1,8_1 ACSA_1,Center
8,1,ACSA,AM,AM,2,8_1 ACSA_2,Center
8,1,ACSA,AM,AM,3,8_1 ACSA_3,Center
8,1,ACSA,AM,AM,4,8_1 ACSA_4,Center
8,1,ACSA,AM,AM,5,8_1 ACSA_5,Edge
8,1,ACSA,AM,AM,6,8_1 ACSA_6,Edge
8,1,ACSA,AM,AM,7,8_1 ACSA_7,Center
8,1,ACSA,AM,AM,8,8_1 ACSA_8,Edge
8,1,ACSA,AM,AM,9,8_1 ACSA_9,Edge
8,1,ACSA,AM,AM,10,8_1 ACSA_10,Center
8,1,ACSA,AM,AM,11,8_1 ACSA_11,n/a
8,1,ACSA,AM,AM,12,8_1 ACSA_12,Edge
8,1,ACSA,AM,AM,13,8_1 ACSA_13,Edge
8,1,ACSA,AM,AM,14,8_1 ACSA_14,Edge
8,1,ACSA,AM,AM,15,8_1 ACSA_15,Edge
8,1,ACSA,AM,AM,16,8_1 ACSA_16,Edge
8,1,ACSA,AM,AM,17,8_1 ACSA_17,n/a
8,1,ACSA,AM,AM,18,8_1 ACSA_18,Edge
8,1,ACSA,AM,AM,19,8_1 ACSA_19,Center
8,1,ACSA,AM,AM,20,8_1 ACSA_20,Center
8,1,NYSY,AM,AM,1,8_1 NYSY_1,Edge
8,1,NYSY,AM,AM,2,8_1 NYSY_2,Edge
8,1,NYSY,AM,AM,3,8_1 NYSY_3,Center
8,1,NYSY,AM,AM,4,8_1 NYSY_4,n/a
8,1,NYSY,AM,AM,5,8_1 NYSY_5,n/a
8,1,NYSY,AM,AM,6,8_1 NYSY_6,Edge
8,1,NYSY,AM,AM,7,8_1 NYSY_7,Edge
8,1,NYSY,AM,AM,8,8_1 NYSY_8,n/a
8,1,NYSY,AM,AM,9,8_1 NYSY_9,Center
8,1,NYSY,AM,AM,10,8_1 NYSY_10,Center
8,1,NYSY,AM,AM,11,8_1 NYSY_11,Center
8,1,NYSY,AM,AM,12,8_1 NYSY_12,Center
8,1,NYSY,AM,AM,13,8_1 NYSY_13,n/a
8,1,NYSY,AM,AM,14,8_1 NYSY_14,n/a
8,1,NYSY,AM,AM,15,8_1 NYSY_15,Edge
8,1,NYSY,AM,AM,16,8_1 NYSY_16,Edge
8,1,NYSY,AM,AM,17,8_1 NYSY_17,Edge
8,1,NYSY,AM,AM,18,8_1 NYSY_18,Edge
8,1,NYSY,AM,AM,19,8_1 NYSY_19,n/a
8,1,NYSY,AM,AM,20,8_1 NYSY_20,Edge
8,1,PRSE,AM,AM,1,8_1 PRSE_1,Center
8,1,PRSE,AM,AM,2,8_1 PRSE_2,Edge
8,1,PRSE,AM,AM,3,8_1 PRSE_3,Edge
8,1,PRSE,AM,AM,4,8_1 PRSE_4,Center
8,1,PRSE,AM,AM,5,8_1 PRSE_5,Edge
8,1,PRSE,AM,AM,6,8_1 PRSE_6,Center
8,1,PRSE,AM,AM,7,8_1 PRSE_7,Edge
8,1,PRSE,AM,AM,8,8_1 PRSE_8,Edge
8,1,PRSE,AM,AM,9,8_1 PRSE_9,Center
8,1,PRSE,AM,AM,10,8_1 PRSE_10,n/a
8,1,PRSE,AM,AM,11,8_1 PRSE_11,Edge
8,1,PRSE,AM,AM,12,8_1 PRSE_12,Edge
8,1,PRSE,AM,AM,13,8_1 PRSE_13,Edge
8,1,PRSE,AM,AM,14,8_1 PRSE_14,n/a
8,1,PRSE,AM,AM,15,8_1 PRSE_15,Center
8,1,PRSE,AM,AM,16,8_1 PRSE_16,Edge
8,1,PRSE,AM,AM,17,8_1 PRSE_17,Edge
8,1,PRSE,AM,AM,18,8_1 PRSE_18,n/a
8,1,PRSE,AM,AM,19,8_1 PRSE_19,Edge
8,1,PRSE,AM,AM,20,8_1 PRSE_20,Edge
8,1,BELE,EcM,AM,1,8_1 BELE_1,Edge
8,1,BELE,EcM,AM,2,8_1 BELE_2,Center
8,1,BELE,EcM,AM,3,8_1 BELE_3,n/a
8,1,BELE,EcM,AM,4,8_1 BELE_4,Center
8,1,BELE,EcM,AM,5,8_1 BELE_5,Center
8,1,BELE,EcM,AM,6,8_1 BELE_6,Center
8,1,BELE,EcM,AM,7,8_1 BELE_7,Center
8,1,BELE,EcM,AM,8,8_1 BELE_8,Edge
8,1,BELE,EcM,AM,9,8_1 BELE_9,Edge
8,1,BELE,EcM,AM,10,8_1 BELE_10,Edge
8,1,BELE,EcM,AM,11,8_1 BELE_11,Center
8,1,BELE,EcM,AM,12,8_1 BELE_12,n/a
8,1,BELE,EcM,AM,13,8_1 BELE_13,Edge
8,1,BELE,EcM,AM,14,8_1 BELE_14,Edge
8,1,BELE,EcM,AM,15,8_1 BELE_15,Center
8,1,BELE,EcM,AM,16,8_1 BELE_16,Center
8,1,BELE,EcM,AM,17,8_1 BELE_17,n/a
8,1,BELE,EcM,AM,18,8_1 BELE_18,Edge
8,1,BELE,EcM,AM,19,8_1 BELE_19,n/a
8,1,BELE,EcM,AM,20,8_1 BELE_20,Center
8,1,CACO,EcM,AM,1,8_1 CACO_1,Center
8,1,CACO,EcM,AM,2,8_1 CACO_2,n/a
8,1,CACO,EcM,AM,3,8_1 CACO_3,Edge
8,1,CACO,EcM,AM,4,8_1 CACO_4,Edge
8,1,CACO,EcM,AM,5,8_1 CACO_5,Center
8,1,CACO,EcM,AM,6,8_1 CACO_6,Edge
8,1,CACO,EcM,AM,7,8_1 CACO_7,Center
8,1,CACO,EcM,AM,8,8_1 CACO_8,Center
8,1,CACO,EcM,AM,9,8_1 CACO_9,Edge
8,1,CACO,EcM,AM,10,8_1 CACO_10,n/a
8,1,CACO,EcM,AM,11,8_1 CACO_11,n/a
8,1,CACO,EcM,AM,12,8_1 CACO_12,Center
8,1,CACO,EcM,AM,13,8_1 CACO_13,Center
8,1,CACO,EcM,AM,14,8_1 CACO_14,Edge
8,1,CACO,EcM,AM,15,8_1 CACO_15,Edge
8,1,CACO,EcM,AM,16,8_1 CACO_16,Center
8,1,CACO,EcM,AM,17,8_1 CACO_17,Edge
8,1,CACO,EcM,AM,18,8_1 CACO_18,n/a
8,1,CACO,EcM,AM,19,8_1 CACO_19,Edge
8,1,CACO,EcM,AM,20,8_1 CACO_20,Edge
8,1,QURU,EcM,AM,1,8_1 QURU_1,Center
8,1,QURU,EcM,AM,2,8_1 QURU_2,Edge
8,1,QURU,EcM,AM,3,8_1 QURU_3,Edge
8,1,QURU,EcM,AM,4,8_1 QURU_4,Edge
8,1,QURU,EcM,AM,5,8_1 QURU_5,Center
8,1,QURU,EcM,AM,6,8_1 QURU_6,Center
8,1,QURU,EcM,AM,7,8_1 QURU_7,n/a
8,1,QURU,EcM,AM,8,8_1 QURU_8,Edge
8,1,QURU,EcM,AM,9,8_1 QURU_9,Center
8,1,QURU,EcM,AM,10,8_1 QURU_10,Center
8,1,QURU,EcM,AM,11,8_1 QURU_11,n/a
8,1,QURU,EcM,AM,12,8_1 QURU_12,Edge
8,1,QURU,EcM,AM,13,8_1 QURU_13,Center
8,1,QURU,EcM,AM,14,8_1 QURU_14,Center
8,1,QURU,EcM,AM,15,8_1 QURU_15,Edge
8,1,QURU,EcM,AM,16,8_1 QURU_16,Edge
8,1,QURU,EcM,AM,17,8_1 QURU_17,n/a
8,1,QURU,EcM,AM,18,8_1 QURU_18,n/a
8,1,QURU,EcM,AM,19,8_1 QURU_19,Edge
8,1,QURU,EcM,AM,20,8_1 QURU_20,Edge
8,1,TIAM,EcM,AM,1,8_1 TIAM_1,n/a
8,1,TIAM,EcM,AM,2,8_1 TIAM_2,Edge
8,1,TIAM,EcM,AM,3,8_1 TIAM_3,Edge
8,1,TIAM,EcM,AM,4,8_1 TIAM_4,Center
8,1,TIAM,EcM,AM,5,8_1 TIAM_5,Edge
8,1,TIAM,EcM,AM,6,8_1 TIAM_6,Edge
8,1,TIAM,EcM,AM,7,8_1 TIAM_7,n/a
8,1,TIAM,EcM,AM,8,8_1 TIAM_8,Edge
8,1,TIAM,EcM,AM,9,8_1 TIAM_9,n/a
8,1,TIAM,EcM,AM,10,8_1 TIAM_10,Center
8,1,TIAM,EcM,AM,11,8_1 TIAM_11,n/a
8,1,TIAM,EcM,AM,12,8_1 TIAM_12,Center
8,1,TIAM,EcM,AM,13,8_1 TIAM_13,n/a
8,1,TIAM,EcM,AM,14,8_1 TIAM_14,Center
8,1,TIAM,EcM,AM,15,8_1 TIAM_15,Edge
8,1,TIAM,EcM,AM,16,8_1 TIAM_16,Edge
8,1,TIAM,EcM,AM,17,8_1 TIAM_17,Center
8,1,TIAM,EcM,AM,18,8_1 TIAM_18,Edge
8,1,TIAM,EcM,AM,19,8_1 TIAM_19,n/a
8,1,TIAM,EcM,AM,20,8_1 TIAM_20,Edge
3,5,ACRU,AM,AM,1,3_5 ACRU_1,Edge
3,5,ACRU,AM,AM,2,3_5 ACRU_2,n/a
3,5,ACRU,AM,AM,3,3_5 ACRU_3,Center
3,5,ACRU,AM,AM,4,3_5 ACRU_4,Edge
3,5,ACRU,AM,AM,5,3_5 ACRU_5,Edge
3,5,ACRU,AM,AM,6,3_5 ACRU_6,Edge
3,5,ACRU,AM,AM,7,3_5 ACRU_7,Edge
3,5,ACRU,AM,AM,8,3_5 ACRU_8,Center
3,5,ACRU,AM,AM,9,3_5 ACRU_9,Center
3,5,ACRU,AM,AM,10,3_5 ACRU_10,Center
3,5,ACRU,AM,AM,11,3_5 ACRU_11,Center
3,5,ACRU,AM,AM,12,3_5 ACRU_12,Center
3,5,ACRU,AM,AM,13,3_5 ACRU_13,Edge
3,5,ACRU,AM,AM,14,3_5 ACRU_14,Edge
3,5,ACRU,AM,AM,15,3_5 ACRU_15,Center
3,5,ACRU,AM,AM,16,3_5 ACRU_16,Center
3,5,ACRU,AM,AM,17,3_5 ACRU_17,Edge
3,5,ACRU,AM,AM,18,3_5 ACRU_18,Edge
3,5,ACRU,AM,AM,19,3_5 ACRU_19,n/a
3,5,ACRU,AM,AM,20,3_5 ACRU_20,Edge
3,5,ACSA,AM,AM,1,3_5 ACSA_1,n/a
3,5,ACSA,AM,AM,2,3_5 ACSA_2,n/a
3,5,ACSA,AM,AM,3,3_5 ACSA_3,Center
3,5,ACSA,AM,AM,4,3_5 ACSA_4,Center
3,5,ACSA,AM,AM,5,3_5 ACSA_5,n/a
3,5,ACSA,AM,AM,6,3_5 ACSA_6,Edge
3,5,ACSA,AM,AM,7,3_5 ACSA_7,n/a
3,5,ACSA,AM,AM,8,3_5 ACSA_8,Center
3,5,ACSA,AM,AM,9,3_5 ACSA_9,Edge
3,5,ACSA,AM,AM,10,3_5 ACSA_10,Edge
3,5,ACSA,AM,AM,11,3_5 ACSA_11,Edge
3,5,ACSA,AM,AM,12,3_5 ACSA_12,Edge
3,5,ACSA,AM,AM,13,3_5 ACSA_13,Center
3,5,ACSA,AM,AM,14,3_5 ACSA_14,Edge
3,5,ACSA,AM,AM,15,3_5 ACSA_15,Center
3,5,ACSA,AM,AM,16,3_5 ACSA_16,Edge
3,5,ACSA,AM,AM,17,3_5 ACSA_17,Edge
3,5,ACSA,AM,AM,18,3_5 ACSA_18,n/a
3,5,ACSA,AM,AM,19,3_5 ACSA_19,Edge
3,5,ACSA,AM,AM,20,3_5 ACSA_20,Edge
3,5,ACSA,AM,AM,21,3_5 ACSA_21,n/a
3,5,NYSY,AM,AM,1,3_5 NYSY_1,n/a
3,5,NYSY,AM,AM,2,3_5 NYSY_2,Edge
3,5,NYSY,AM,AM,3,3_5 NYSY_3,n/a
3,5,NYSY,AM,AM,4,3_5 NYSY_4,Edge
3,5,NYSY,AM,AM,5,3_5 NYSY_5,Edge
3,5,NYSY,AM,AM,6,3_5 NYSY_6,Edge
3,5,NYSY,AM,AM,7,3_5 NYSY_7,n/a
3,5,NYSY,AM,AM,8,3_5 NYSY_8,n/a
3,5,NYSY,AM,AM,9,3_5 NYSY_9,Edge
3,5,NYSY,AM,AM,10,3_5 NYSY_10,n/a
3,5,NYSY,AM,AM,11,3_5 NYSY_11,Edge
3,5,NYSY,AM,AM,12,3_5 NYSY_12,Edge
3,5,NYSY,AM,AM,13,3_5 NYSY_13,Edge
3,5,NYSY,AM,AM,14,3_5 NYSY_14,n/a
3,5,NYSY,AM,AM,15,3_5 NYSY_15,Center
3,5,NYSY,AM,AM,16,3_5 NYSY_16,Center
3,5,NYSY,AM,AM,17,3_5 NYSY_17,Center
3,5,NYSY,AM,AM,18,3_5 NYSY_18,Edge
3,5,NYSY,AM,AM,19,3_5 NYSY_19,Edge
3,5,NYSY,AM,AM,20,3_5 NYSY_20,Center
3,5,PRSE,AM,AM,1,3_5 PRSE_1,n/a
3,5,PRSE,AM,AM,2,3_5 PRSE_2,Edge
3,5,PRSE,AM,AM,3,3_5 PRSE_3,Edge
3,5,PRSE,AM,AM,4,3_5 PRSE_4,Edge
3,5,PRSE,AM,AM,5,3_5 PRSE_5,Center
3,5,PRSE,AM,AM,6,3_5 PRSE_6,Edge
3,5,PRSE,AM,AM,7,3_5 PRSE_7,Center
3,5,PRSE,AM,AM,8,3_5 PRSE_8,Edge
3,5,PRSE,AM,AM,9,3_5 PRSE_9,Edge
3,5,PRSE,AM,AM,10,3_5 PRSE_10,Edge
3,5,PRSE,AM,AM,11,3_5 PRSE_11,Center
3,5,PRSE,AM,AM,12,3_5 PRSE_12,Edge
3,5,PRSE,AM,AM,13,3_5 PRSE_13,n/a
3,5,PRSE,AM,AM,14,3_5 PRSE_14,Edge
3,5,PRSE,AM,AM,15,3_5 PRSE_15,Edge
3,5,PRSE,AM,AM,16,3_5 PRSE_16,Edge
3,5,PRSE,AM,AM,17,3_5 PRSE_17,Center
3,5,PRSE,AM,AM,18,3_5 PRSE_18,Center
3,5,PRSE,AM,AM,19,3_5 PRSE_19,n/a
3,5,PRSE,AM,AM,20,3_5 PRSE_20,Center
3,5,BELE,EcM,AM,1,3_5 BELE_1,n/a
3,5,BELE,EcM,AM,2,3_5 BELE_2,n/a
3,5,BELE,EcM,AM,3,3_5 BELE_3,Center
3,5,BELE,EcM,AM,4,3_5 BELE_4,n/a
3,5,BELE,EcM,AM,5,3_5 BELE_5,n/a
3,5,BELE,EcM,AM,6,3_5 BELE_6,n/a
3,5,BELE,EcM,AM,7,3_5 BELE_7,Center
3,5,BELE,EcM,AM,8,3_5 BELE_8,Edge
3,5,BELE,EcM,AM,9,3_5 BELE_9,Center
3,5,BELE,EcM,AM,10,3_5 BELE_10,Center
3,5,BELE,EcM,AM,11,3_5 BELE_11,n/a
3,5,BELE,EcM,AM,12,3_5 BELE_12,Center
3,5,BELE,EcM,AM,13,3_5 BELE_13,Center
3,5,BELE,EcM,AM,14,3_5 BELE_14,Edge
3,5,BELE,EcM,AM,15,3_5 BELE_15,Edge
3,5,BELE,EcM,AM,16,3_5 BELE_16,Edge
3,5,BELE,EcM,AM,17,3_5 BELE_17,n/a
3,5,BELE,EcM,AM,18,3_5 BELE_18,Edge
3,5,BELE,EcM,AM,19,3_5 BELE_19,n/a
3,5,BELE,EcM,AM,20,3_5 BELE_20,Center
3,5,CACO,EcM,AM,1,3_5 CACO_1,Edge
3,5,CACO,EcM,AM,2,3_5 CACO_2,Edge
3,5,CACO,EcM,AM,3,3_5 CACO_3,n/a
3,5,CACO,EcM,AM,4,3_5 CACO_4,Center
3,5,CACO,EcM,AM,5,3_5 CACO_5,Edge
3,5,CACO,EcM,AM,6,3_5 CACO_6,n/a
3,5,CACO,EcM,AM,7,3_5 CACO_7,n/a
3,5,CACO,EcM,AM,8,3_5 CACO_8,Center
3,5,CACO,EcM,AM,9,3_5 CACO_9,Edge
3,5,CACO,EcM,AM,10,3_5 CACO_10,Edge
3,5,CACO,EcM,AM,11,3_5 CACO_11,Center
3,5,CACO,EcM,AM,12,3_5 CACO_12,Edge
3,5,CACO,EcM,AM,13,3_5 CACO_13,Center
3,5,CACO,EcM,AM,14,3_5 CACO_14,Edge
3,5,CACO,EcM,AM,15,3_5 CACO_15,Edge
3,5,CACO,EcM,AM,16,3_5 CACO_16,Edge
3,5,CACO,EcM,AM,17,3_5 CACO_17,Center
3,5,CACO,EcM,AM,18,3_5 CACO_18,Center
3,5,CACO,EcM,AM,19,3_5 CACO_19,Edge
3,5,CACO,EcM,AM,20,3_5 CACO_20,n/a
3,5,QURU,EcM,AM,1,3_5 QURU_1,Center
3,5,QURU,EcM,AM,2,3_5 QURU_2,n/a
3,5,QURU,EcM,AM,3,3_5 QURU_3,Edge
3,5,QURU,EcM,AM,4,3_5 QURU_4,Edge
3,5,QURU,EcM,AM,5,3_5 QURU_5,n/a
3,5,QURU,EcM,AM,6,3_5 QURU_6,n/a
3,5,QURU,EcM,AM,7,3_5 QURU_7,Center
3,5,QURU,EcM,AM,8,3_5 QURU_8,Edge
3,5,QURU,EcM,AM,9,3_5 QURU_9,Center
3,5,QURU,EcM,AM,10,3_5 QURU_10,Center
3,5,QURU,EcM,AM,11,3_5 QURU_11,Edge
3,5,QURU,EcM,AM,12,3_5 QURU_12,Center
3,5,QURU,EcM,AM,13,3_5 QURU_13,Center
3,5,QURU,EcM,AM,14,3_5 QURU_14,Center
3,5,QURU,EcM,AM,15,3_5 QURU_15,Edge
3,5,QURU,EcM,AM,16,3_5 QURU_16,Edge
3,5,QURU,EcM,AM,17,3_5 QURU_17,Edge
3,5,QURU,EcM,AM,18,3_5 QURU_18,Center
3,5,QURU,EcM,AM,19,3_5 QURU_19,Edge
3,5,QURU,EcM,AM,20,3_5 QURU_20,Edge
3,5,TIAM,EcM,AM,1,3_5 TIAM_1,n/a
3,5,TIAM,EcM,AM,2,3_5 TIAM_2,Edge
3,5,TIAM,EcM,AM,3,3_5 TIAM_3,Edge
3,5,TIAM,EcM,AM,4,3_5 TIAM_4,Center
3,5,TIAM,EcM,AM,5,3_5 TIAM_5,Center
3,5,TIAM,EcM,AM,6,3_5 TIAM_6,Edge
3,5,TIAM,EcM,AM,7,3_5 TIAM_7,Center
3,5,TIAM,EcM,AM,8,3_5 TIAM_8,Edge
3,5,TIAM,EcM,AM,9,3_5 TIAM_9,Edge
3,5,TIAM,EcM,AM,10,3_5 TIAM_10,Edge
3,5,TIAM,EcM,AM,11,3_5 TIAM_11,Edge
3,5,TIAM,EcM,AM,12,3_5 TIAM_12,Edge
3,5,TIAM,EcM,AM,13,3_5 TIAM_13,Edge
3,5,TIAM,EcM,AM,14,3_5 TIAM_14,Center
3,5,TIAM,EcM,AM,15,3_5 TIAM_15,Edge
3,5,TIAM,EcM,AM,16,3_5 TIAM_16,Edge
3,5,TIAM,EcM,AM,17,3_5 TIAM_17,Center
3,5,TIAM,EcM,AM,18,3_5 TIAM_18,Center
3,5,TIAM,EcM,AM,19,3_5 TIAM_19,Center
3,5,TIAM,EcM,AM,20,3_5 TIAM_20,Edge
2,5,ACRU,AM,AM,1,2_5 ACRU_1,Center
2,5,ACRU,AM,AM,2,2_5 ACRU_2,Edge
2,5,ACRU,AM,AM,3,2_5 ACRU_3,Edge
2,5,ACRU,AM,AM,4,2_5 ACRU_4,n/a
2,5,ACRU,AM,AM,5,2_5 ACRU_5,n/a
2,5,ACRU,AM,AM,6,2_5 ACRU_6,Edge
2,5,ACRU,AM,AM,7,2_5 ACRU_7,n/a
2,5,ACRU,AM,AM,8,2_5 ACRU_8,Center
2,5,ACRU,AM,AM,9,2_5 ACRU_9,n/a
2,5,ACRU,AM,AM,10,2_5 ACRU_10,Edge
2,5,ACRU,AM,AM,11,2_5 ACRU_11,n/a
2,5,ACRU,AM,AM,12,2_5 ACRU_12,n/a
2,5,ACRU,AM,AM,13,2_5 ACRU_13,n/a
2,5,ACRU,AM,AM,14,2_5 ACRU_14,n/a
2,5,ACRU,AM,AM,15,2_5 ACRU_15,Edge
2,5,ACRU,AM,AM,16,2_5 ACRU_16,Center
2,5,ACRU,AM,AM,17,2_5 ACRU_17,Center
2,5,ACRU,AM,AM,18,2_5 ACRU_18,n/a
2,5,ACRU,AM,AM,19,2_5 ACRU_19,Center
2,5,ACRU,AM,AM,20,2_5 ACRU_20,Center
2,5,ACSA,AM,AM,1,2_5 ACSA_1,Edge
2,5,ACSA,AM,AM,2,2_5 ACSA_2,Edge
2,5,ACSA,AM,AM,3,2_5 ACSA_3,Center
2,5,ACSA,AM,AM,4,2_5 ACSA_4,n/a
2,5,ACSA,AM,AM,5,2_5 ACSA_5,Edge
2,5,ACSA,AM,AM,6,2_5 ACSA_6,Edge
2,5,ACSA,AM,AM,7,2_5 ACSA_7,Edge
2,5,ACSA,AM,AM,8,2_5 ACSA_8,Center
2,5,ACSA,AM,AM,9,2_5 ACSA_9,n/a
2,5,ACSA,AM,AM,10,2_5 ACSA_10,n/a
2,5,ACSA,AM,AM,11,2_5 ACSA_11,Center
2,5,ACSA,AM,AM,12,2_5 ACSA_12,Center
2,5,ACSA,AM,AM,13,2_5 ACSA_13,n/a
2,5,ACSA,AM,AM,14,2_5 ACSA_14,Edge
2,5,ACSA,AM,AM,15,2_5 ACSA_15,Edge
2,5,ACSA,AM,AM,16,2_5 ACSA_16,Edge
2,5,ACSA,AM,AM,17,2_5 ACSA_17,Center
2,5,ACSA,AM,AM,18,2_5 ACSA_18,Center
2,5,ACSA,AM,AM,19,2_5 ACSA_19,Edge
2,5,ACSA,AM,AM,20,2_5 ACSA_20,Center
2,5,NYSY,AM,AM,1,2_5 NYSY_1,Edge
2,5,NYSY,AM,AM,2,2_5 NYSY_2,Edge
2,5,NYSY,AM,AM,3,2_5 NYSY_3,n/a
2,5,NYSY,AM,AM,4,2_5 NYSY_4,Edge
2,5,NYSY,AM,AM,5,2_5 NYSY_5,Center
2,5,NYSY,AM,AM,6,2_5 NYSY_6,n/a
2,5,NYSY,AM,AM,7,2_5 NYSY_7,Edge
2,5,NYSY,AM,AM,8,2_5 NYSY_8,Center
2,5,NYSY,AM,AM,9,2_5 NYSY_9,Edge
2,5,NYSY,AM,AM,10,2_5 NYSY_10,Edge
2,5,NYSY,AM,AM,11,2_5 NYSY_11,Edge
2,5,NYSY,AM,AM,12,2_5 NYSY_12,Center
2,5,NYSY,AM,AM,13,2_5 NYSY_13,Center
2,5,NYSY,AM,AM,14,2_5 NYSY_14,Center
2,5,NYSY,AM,AM,15,2_5 NYSY_15,Center
2,5,NYSY,AM,AM,16,2_5 NYSY_16,Edge
2,5,NYSY,AM,AM,17,2_5 NYSY_17,n/a
2,5,NYSY,AM,AM,18,2_5 NYSY_18,Edge
2,5,NYSY,AM,AM,19,2_5 NYSY_19,Center
2,5,NYSY,AM,AM,20,2_5 NYSY_20,Center
2,5,PRSE,AM,AM,1,2_5 PRSE_1,Edge
2,5,PRSE,AM,AM,2,2_5 PRSE_2,n/a
2,5,PRSE,AM,AM,3,2_5 PRSE_3,Center
2,5,PRSE,AM,AM,4,2_5 PRSE_4,Edge
2,5,PRSE,AM,AM,5,2_5 PRSE_5,Edge
2,5,PRSE,AM,AM,6,2_5 PRSE_6,Edge
2,5,PRSE,AM,AM,7,2_5 PRSE_7,Edge
2,5,PRSE,AM,AM,8,2_5 PRSE_8,Center
2,5,PRSE,AM,AM,9,2_5 PRSE_9,Edge
2,5,PRSE,AM,AM,10,2_5 PRSE_10,Center
2,5,PRSE,AM,AM,11,2_5 PRSE_11,Edge
2,5,PRSE,AM,AM,12,2_5 PRSE_12,Center
2,5,PRSE,AM,AM,13,2_5 PRSE_13,Edge
2,5,PRSE,AM,AM,14,2_5 PRSE_14,n/a
2,5,PRSE,AM,AM,15,2_5 PRSE_15,n/a
2,5,PRSE,AM,AM,16,2_5 PRSE_16,Center
2,5,PRSE,AM,AM,17,2_5 PRSE_17,Center
2,5,PRSE,AM,AM,18,2_5 PRSE_18,n/a
2,5,PRSE,AM,AM,19,2_5 PRSE_19,Edge
2,5,PRSE,AM,AM,20,2_5 PRSE_20,Edge
2,5,BELE,EcM,AM,1,2_5 BELE_1,Edge
2,5,BELE,EcM,AM,2,2_5 BELE_2,Edge
2,5,BELE,EcM,AM,3,2_5 BELE_3,Edge
2,5,BELE,EcM,AM,4,2_5 BELE_4,Edge
2,5,BELE,EcM,AM,5,2_5 BELE_5,Edge
2,5,BELE,EcM,AM,6,2_5 BELE_6,Center
2,5,BELE,EcM,AM,7,2_5 BELE_7,Edge
2,5,BELE,EcM,AM,8,2_5 BELE_8,n/a
2,5,BELE,EcM,AM,9,2_5 BELE_9,Edge
2,5,BELE,EcM,AM,10,2_5 BELE_10,Center
2,5,BELE,EcM,AM,11,2_5 BELE_11,Center
2,5,BELE,EcM,AM,12,2_5 BELE_12,n/a
2,5,BELE,EcM,AM,13,2_5 BELE_13,Edge
2,5,BELE,EcM,AM,14,2_5 BELE_14,Edge
2,5,BELE,EcM,AM,15,2_5 BELE_15,Edge
2,5,BELE,EcM,AM,16,2_5 BELE_16,n/a
2,5,BELE,EcM,AM,17,2_5 BELE_17,Edge
2,5,BELE,EcM,AM,18,2_5 BELE_18,n/a
2,5,BELE,EcM,AM,19,2_5 BELE_19,Edge
2,5,BELE,EcM,AM,20,2_5 BELE_20,Edge
2,5,CACO,EcM,AM,1,2_5 CACO_1,Edge
2,5,CACO,EcM,AM,2,2_5 CACO_2,Edge
2,5,CACO,EcM,AM,3,2_5 CACO_3,n/a
2,5,CACO,EcM,AM,4,2_5 CACO_4,n/a
2,5,CACO,EcM,AM,5,2_5 CACO_5,Center
2,5,CACO,EcM,AM,6,2_5 CACO_6,Center
2,5,CACO,EcM,AM,7,2_5 CACO_7,Edge
2,5,CACO,EcM,AM,8,2_5 CACO_8,Edge
2,5,CACO,EcM,AM,9,2_5 CACO_9,n/a
2,5,CACO,EcM,AM,10,2_5 CACO_10,Edge
2,5,CACO,EcM,AM,11,2_5 CACO_11,Edge
2,5,CACO,EcM,AM,12,2_5 CACO_12,Center
2,5,CACO,EcM,AM,13,2_5 CACO_13,Center
2,5,CACO,EcM,AM,14,2_5 CACO_14,n/a
2,5,CACO,EcM,AM,15,2_5 CACO_15,Center
2,5,CACO,EcM,AM,16,2_5 CACO_16,Center
2,5,CACO,EcM,AM,17,2_5 CACO_17,n/a
2,5,CACO,EcM,AM,18,2_5 CACO_18,n/a
2,5,CACO,EcM,AM,19,2_5 CACO_19,Edge
2,5,CACO,EcM,AM,20,2_5 CACO_20,Edge
2,5,QURU,EcM,AM,1,2_5 QURU_1,Edge
2,5,QURU,EcM,AM,2,2_5 QURU_2,Center
2,5,QURU,EcM,AM,3,2_5 QURU_3,Center
2,5,QURU,EcM,AM,4,2_5 QURU_4,Center
2,5,QURU,EcM,AM,5,2_5 QURU_5,Center
2,5,QURU,EcM,AM,6,2_5 QURU_6,Center
2,5,QURU,EcM,AM,7,2_5 QURU_7,n/a
2,5,QURU,EcM,AM,8,2_5 QURU_8,Center
2,5,QURU,EcM,AM,9,2_5 QURU_9,Edge
2,5,QURU,EcM,AM,10,2_5 QURU_10,Edge
2,5,QURU,EcM,AM,11,2_5 QURU_11,Edge
2,5,QURU,EcM,AM,12,2_5 QURU_12,Edge
2,5,QURU,EcM,AM,13,2_5 QURU_13,Edge
2,5,QURU,EcM,AM,14,2_5 QURU_14,Edge
2,5,QURU,EcM,AM,15,2_5 QURU_15,Edge
2,5,QURU,EcM,AM,16,2_5 QURU_16,n/a
2,5,QURU,EcM,AM,17,2_5 QURU_17,n/a
2,5,QURU,EcM,AM,18,2_5 QURU_18,Edge
2,5,QURU,EcM,AM,19,2_5 QURU_19,Edge
2,5,QURU,EcM,AM,20,2_5 QURU_20,Center
2,5,TIAM,EcM,AM,1,2_5 TIAM_1,Center
2,5,TIAM,EcM,AM,2,2_5 TIAM_2,Center
2,5,TIAM,EcM,AM,3,2_5 TIAM_3,Center
2,5,TIAM,EcM,AM,4,2_5 TIAM_4,n/a
2,5,TIAM,EcM,AM,5,2_5 TIAM_5,Edge
2,5,TIAM,EcM,AM,6,2_5 TIAM_6,Center
2,5,TIAM,EcM,AM,7,2_5 TIAM_7,Edge
2,5,TIAM,EcM,AM,8,2_5 TIAM_8,n/a
2,5,TIAM,EcM,AM,9,2_5 TIAM_9,Center
2,5,TIAM,EcM,AM,10,2_5 TIAM_10,Edge
2,5,TIAM,EcM,AM,11,2_5 TIAM_11,n/a
2,5,TIAM,EcM,AM,12,2_5 TIAM_12,Edge
2,5,TIAM,EcM,AM,13,2_5 TIAM_13,n/a
2,5,TIAM,EcM,AM,14,2_5 TIAM_14,n/a
2,5,TIAM,EcM,AM,15,2_5 TIAM_15,Center
2,5,TIAM,EcM,AM,16,2_5 TIAM_16,Edge
2,5,TIAM,EcM,AM,17,2_5 TIAM_17,Center
2,5,TIAM,EcM,AM,18,2_5 TIAM_18,Edge
2,5,TIAM,EcM,AM,19,2_5 TIAM_19,Center
2,5,TIAM,EcM,AM,20,2_5 TIAM_20,n/a
2,9,ACRU,AM,EcM,1,2_9 ACRU_1,Edge
2,9,ACRU,AM,EcM,2,2_9 ACRU_2,Edge
2,9,ACRU,AM,EcM,3,2_9 ACRU_3,n/a
2,9,ACRU,AM,EcM,4,2_9 ACRU_4,Edge
2,9,ACRU,AM,EcM,5,2_9 ACRU_5,Edge
2,9,ACRU,AM,EcM,6,2_9 ACRU_6,n/a
2,9,ACRU,AM,EcM,7,2_9 ACRU_7,n/a
2,9,ACRU,AM,EcM,8,2_9 ACRU_8,Edge
2,9,ACRU,AM,EcM,9,2_9 ACRU_9,Edge
2,9,ACRU,AM,EcM,10,2_9 ACRU_10,Center
2,9,ACRU,AM,EcM,11,2_9 ACRU_11,Edge
2,9,ACRU,AM,EcM,12,2_9 ACRU_12,Center
2,9,ACRU,AM,EcM,13,2_9 ACRU_13,Edge
2,9,ACRU,AM,EcM,14,2_9 ACRU_14,Center
2,9,ACRU,AM,EcM,15,2_9 ACRU_15,n/a
2,9,ACRU,AM,EcM,16,2_9 ACRU_16,Edge
2,9,ACRU,AM,EcM,17,2_9 ACRU_17,Edge
2,9,ACRU,AM,EcM,18,2_9 ACRU_18,n/a
2,9,ACRU,AM,EcM,19,2_9 ACRU_19,Center
2,9,ACRU,AM,EcM,20,2_9 ACRU_20,Center
2,9,ACSA,AM,EcM,1,2_9 ACSA_1,Edge
2,9,ACSA,AM,EcM,2,2_9 ACSA_2,n/a
2,9,ACSA,AM,EcM,3,2_9 ACSA_3,Center
2,9,ACSA,AM,EcM,4,2_9 ACSA_4,n/a
2,9,ACSA,AM,EcM,5,2_9 ACSA_5,Edge
2,9,ACSA,AM,EcM,6,2_9 ACSA_6,Edge
2,9,ACSA,AM,EcM,7,2_9 ACSA_7,Edge
2,9,ACSA,AM,EcM,8,2_9 ACSA_8,n/a
2,9,ACSA,AM,EcM,9,2_9 ACSA_9,Center
2,9,ACSA,AM,EcM,10,2_9 ACSA_10,n/a
2,9,ACSA,AM,EcM,11,2_9 ACSA_11,Edge
2,9,ACSA,AM,EcM,12,2_9 ACSA_12,Center
2,9,ACSA,AM,EcM,13,2_9 ACSA_13,Edge
2,9,ACSA,AM,EcM,14,2_9 ACSA_14,Center
2,9,ACSA,AM,EcM,15,2_9 ACSA_15,n/a
2,9,ACSA,AM,EcM,16,2_9 ACSA_16,n/a
2,9,ACSA,AM,EcM,17,2_9 ACSA_17,Edge
2,9,ACSA,AM,EcM,18,2_9 ACSA_18,Center
2,9,ACSA,AM,EcM,19,2_9 ACSA_19,Edge
2,9,ACSA,AM,EcM,20,2_9 ACSA_20,Edge
2,9,NYSY,AM,EcM,1,2_9 NYSY_1,Edge
2,9,NYSY,AM,EcM,2,2_9 NYSY_2,Center
2,9,NYSY,AM,EcM,3,2_9 NYSY_3,Edge
2,9,NYSY,AM,EcM,4,2_9 NYSY_4,Center
2,9,NYSY,AM,EcM,5,2_9 NYSY_5,n/a
2,9,NYSY,AM,EcM,6,2_9 NYSY_6,Edge
2,9,NYSY,AM,EcM,7,2_9 NYSY_7,Center
2,9,NYSY,AM,EcM,8,2_9 NYSY_8,Edge
2,9,NYSY,AM,EcM,9,2_9 NYSY_9,Center
2,9,NYSY,AM,EcM,10,2_9 NYSY_10,n/a
2,9,NYSY,AM,EcM,11,2_9 NYSY_11,n/a
2,9,NYSY,AM,EcM,12,2_9 NYSY_12,Center
2,9,NYSY,AM,EcM,13,2_9 NYSY_13,n/a
2,9,NYSY,AM,EcM,14,2_9 NYSY_14,Edge
2,9,NYSY,AM,EcM,15,2_9 NYSY_15,Center
2,9,NYSY,AM,EcM,16,2_9 NYSY_16,Center
2,9,NYSY,AM,EcM,17,2_9 NYSY_17,Edge
2,9,NYSY,AM,EcM,18,2_9 NYSY_18,n/a
2,9,NYSY,AM,EcM,19,2_9 NYSY_19,Center
2,9,NYSY,AM,EcM,20,2_9 NYSY_20,Edge
2,9,PRSE,AM,EcM,1,2_9 PRSE_1,Edge
2,9,PRSE,AM,EcM,2,2_9 PRSE_2,Center
2,9,PRSE,AM,EcM,3,2_9 PRSE_3,Edge
2,9,PRSE,AM,EcM,4,2_9 PRSE_4,Center
2,9,PRSE,AM,EcM,5,2_9 PRSE_5,Edge
2,9,PRSE,AM,EcM,6,2_9 PRSE_6,n/a
2,9,PRSE,AM,EcM,7,2_9 PRSE_7,Center
2,9,PRSE,AM,EcM,8,2_9 PRSE_8,n/a
2,9,PRSE,AM,EcM,9,2_9 PRSE_9,Edge
2,9,PRSE,AM,EcM,10,2_9 PRSE_10,Center
2,9,PRSE,AM,EcM,11,2_9 PRSE_11,Edge
2,9,PRSE,AM,EcM,12,2_9 PRSE_12,Edge
2,9,PRSE,AM,EcM,13,2_9 PRSE_13,Center
2,9,PRSE,AM,EcM,14,2_9 PRSE_14,Edge
2,9,PRSE,AM,EcM,15,2_9 PRSE_15,Center
2,9,PRSE,AM,EcM,16,2_9 PRSE_16,Center
2,9,PRSE,AM,EcM,17,2_9 PRSE_17,Center
2,9,PRSE,AM,EcM,18,2_9 PRSE_18,Edge
2,9,PRSE,AM,EcM,19,2_9 PRSE_19,Center
2,9,PRSE,AM,EcM,20,2_9 PRSE_20,n/a
2,9,BELE,EcM,EcM,1,2_9 BELE_1,Center
2,9,BELE,EcM,EcM,2,2_9 BELE_2,Center
2,9,BELE,EcM,EcM,3,2_9 BELE_3,Edge
2,9,BELE,EcM,EcM,4,2_9 BELE_4,Edge
2,9,BELE,EcM,EcM,5,2_9 BELE_5,Edge
2,9,BELE,EcM,EcM,6,2_9 BELE_6,Edge
2,9,BELE,EcM,EcM,7,2_9 BELE_7,Edge
2,9,BELE,EcM,EcM,8,2_9 BELE_8,Edge
2,9,BELE,EcM,EcM,9,2_9 BELE_9,Center
2,9,BELE,EcM,EcM,10,2_9 BELE_10,Center
2,9,BELE,EcM,EcM,11,2_9 BELE_11,Edge
2,9,BELE,EcM,EcM,12,2_9 BELE_12,Center
2,9,BELE,EcM,EcM,13,2_9 BELE_13,n/a
2,9,BELE,EcM,EcM,14,2_9 BELE_14,Edge
2,9,BELE,EcM,EcM,15,2_9 BELE_15,n/a
2,9,BELE,EcM,EcM,16,2_9 BELE_16,Edge
2,9,BELE,EcM,EcM,17,2_9 BELE_17,Center
2,9,BELE,EcM,EcM,18,2_9 BELE_18,n/a
2,9,BELE,EcM,EcM,19,2_9 BELE_19,Edge
2,9,BELE,EcM,EcM,20,2_9 BELE_20,n/a
2,9,CACO,EcM,EcM,1,2_9 CACO_1,Edge
2,9,CACO,EcM,EcM,2,2_9 CACO_2,Edge
2,9,CACO,EcM,EcM,3,2_9 CACO_3,Center
2,9,CACO,EcM,EcM,4,2_9 CACO_4,Center
2,9,CACO,EcM,EcM,5,2_9 CACO_5,Center
2,9,CACO,EcM,EcM,6,2_9 CACO_6,Edge
2,9,CACO,EcM,EcM,7,2_9 CACO_7,n/a
2,9,CACO,EcM,EcM,8,2_9 CACO_8,n/a
2,9,CACO,EcM,EcM,9,2_9 CACO_9,Center
2,9,CACO,EcM,EcM,10,2_9 CACO_10,Edge
2,9,CACO,EcM,EcM,11,2_9 CACO_11,Edge
2,9,CACO,EcM,EcM,12,2_9 CACO_12,Center
2,9,CACO,EcM,EcM,13,2_9 CACO_13,Center
2,9,CACO,EcM,EcM,14,2_9 CACO_14,Edge
2,9,CACO,EcM,EcM,15,2_9 CACO_15,Edge
2,9,CACO,EcM,EcM,16,2_9 CACO_16,n/a
2,9,CACO,EcM,EcM,17,2_9 CACO_17,Edge
2,9,CACO,EcM,EcM,18,2_9 CACO_18,Edge
2,9,CACO,EcM,EcM,19,2_9 CACO_19,n/a
2,9,CACO,EcM,EcM,20,2_9 CACO_20,Center
2,9,QURU,EcM,EcM,1,2_9 QURU_1,Edge
2,9,QURU,EcM,EcM,2,2_9 QURU_2,Center
2,9,QURU,EcM,EcM,3,2_9 QURU_3,Edge
2,9,QURU,EcM,EcM,4,2_9 QURU_4,Center
2,9,QURU,EcM,EcM,5,2_9 QURU_5,Edge
2,9,QURU,EcM,EcM,6,2_9 QURU_6,Edge
2,9,QURU,EcM,EcM,7,2_9 QURU_7,n/a
2,9,QURU,EcM,EcM,8,2_9 QURU_8,Edge
2,9,QURU,EcM,EcM,9,2_9 QURU_9,Edge
2,9,QURU,EcM,EcM,10,2_9 QURU_10,Edge
2,9,QURU,EcM,EcM,11,2_9 QURU_11,n/a
2,9,QURU,EcM,EcM,12,2_9 QURU_12,Center
2,9,QURU,EcM,EcM,13,2_9 QURU_13,n/a
2,9,QURU,EcM,EcM,14,2_9 QURU_14,Edge
2,9,QURU,EcM,EcM,15,2_9 QURU_15,Center
2,9,QURU,EcM,EcM,16,2_9 QURU_16,Edge
2,9,QURU,EcM,EcM,17,2_9 QURU_17,Edge
2,9,QURU,EcM,EcM,18,2_9 QURU_18,Edge
2,9,QURU,EcM,EcM,19,2_9 QURU_19,Center
2,9,QURU,EcM,EcM,20,2_9 QURU_20,Center
2,9,QURU,EcM,EcM,21,2_9 QURU_21,n/a
2,9,TIAM,EcM,EcM,1,2_9 TIAM_1,Edge
2,9,TIAM,EcM,EcM,2,2_9 TIAM_2,Center
2,9,TIAM,EcM,EcM,3,2_9 TIAM_3,Center
2,9,TIAM,EcM,EcM,4,2_9 TIAM_4,Edge
2,9,TIAM,EcM,EcM,5,2_9 TIAM_5,Edge
2,9,TIAM,EcM,EcM,6,2_9 TIAM_6,Center
2,9,TIAM,EcM,EcM,7,2_9 TIAM_7,Edge
2,9,TIAM,EcM,EcM,8,2_9 TIAM_8,n/a
2,9,TIAM,EcM,EcM,9,2_9 TIAM_9,Center
2,9,TIAM,EcM,EcM,10,2_9 TIAM_10,Center
2,9,TIAM,EcM,EcM,11,2_9 TIAM_11,Edge
2,9,TIAM,EcM,EcM,12,2_9 TIAM_12,n/a
2,9,TIAM,EcM,EcM,13,2_9 TIAM_13,Edge
2,9,TIAM,EcM,EcM,14,2_9 TIAM_14,Edge
2,9,TIAM,EcM,EcM,15,2_9 TIAM_15,Center
2,9,TIAM,EcM,EcM,16,2_9 TIAM_16,n/a
2,9,TIAM,EcM,EcM,17,2_9 TIAM_17,Edge
2,9,TIAM,EcM,EcM,18,2_9 TIAM_18,Edge
2,9,TIAM,EcM,EcM,19,2_9 TIAM_19,n/a
2,9,TIAM,EcM,EcM,20,2_9 TIAM_20,Edge
14,5,ACRU,AM,EcM,1,14_5 ACRU_1,n/a
14,5,ACRU,AM,EcM,2,14_5 ACRU_2,Center
14,5,ACRU,AM,EcM,3,14_5 ACRU_3,n/a
14,5,ACRU,AM,EcM,4,14_5 ACRU_4,n/a
14,5,ACRU,AM,EcM,5,14_5 ACRU_5,Edge
14,5,ACRU,AM,EcM,6,14_5 ACRU_6,Center
14,5,ACRU,AM,EcM,7,14_5 ACRU_7,n/a
14,5,ACRU,AM,EcM,8,14_5 ACRU_8,Center
14,5,ACRU,AM,EcM,9,14_5 ACRU_9,Edge
14,5,ACRU,AM,EcM,10,14_5 ACRU_10,Edge
14,5,ACRU,AM,EcM,11,14_5 ACRU_11,n/a
14,5,ACRU,AM,EcM,12,14_5 ACRU_12,Edge
14,5,ACRU,AM,EcM,13,14_5 ACRU_13,n/a
14,5,ACRU,AM,EcM,14,14_5 ACRU_14,Center
14,5,ACRU,AM,EcM,15,14_5 ACRU_15,Edge
14,5,ACRU,AM,EcM,16,14_5 ACRU_16,Edge
14,5,ACRU,AM,EcM,17,14_5 ACRU_17,Edge
14,5,ACRU,AM,EcM,18,14_5 ACRU_18,Edge
14,5,ACRU,AM,EcM,19,14_5 ACRU_19,Center
14,5,ACRU,AM,EcM,20,14_5 ACRU_20,Center
14,5,ACSA,AM,EcM,1,14_5 ACSA_1,Edge
14,5,ACSA,AM,EcM,2,14_5 ACSA_2,Center
14,5,ACSA,AM,EcM,3,14_5 ACSA_3,n/a
14,5,ACSA,AM,EcM,4,14_5 ACSA_4,Edge
14,5,ACSA,AM,EcM,5,14_5 ACSA_5,n/a
14,5,ACSA,AM,EcM,6,14_5 ACSA_6,Center
14,5,ACSA,AM,EcM,7,14_5 ACSA_7,Edge
14,5,ACSA,AM,EcM,8,14_5 ACSA_8,Edge
14,5,ACSA,AM,EcM,9,14_5 ACSA_9,Edge
14,5,ACSA,AM,EcM,10,14_5 ACSA_10,Edge
14,5,ACSA,AM,EcM,11,14_5 ACSA_11,Center
14,5,ACSA,AM,EcM,12,14_5 ACSA_12,n/a
14,5,ACSA,AM,EcM,13,14_5 ACSA_13,Edge
14,5,ACSA,AM,EcM,14,14_5 ACSA_14,Center
14,5,ACSA,AM,EcM,15,14_5 ACSA_15,Center
14,5,ACSA,AM,EcM,16,14_5 ACSA_16,Edge
14,5,ACSA,AM,EcM,17,14_5 ACSA_17,Edge
14,5,ACSA,AM,EcM,18,14_5 ACSA_18,n/a
14,5,ACSA,AM,EcM,19,14_5 ACSA_19,n/a
14,5,ACSA,AM,EcM,20,14_5 ACSA_20,Center
14,5,NYSY,AM,EcM,1,14_5 NYSY_1,Edge
14,5,NYSY,AM,EcM,2,14_5 NYSY_2,Edge
14,5,NYSY,AM,EcM,3,14_5 NYSY_3,Edge
14,5,NYSY,AM,EcM,4,14_5 NYSY_4,Center
14,5,NYSY,AM,EcM,5,14_5 NYSY_5,Center
14,5,NYSY,AM,EcM,6,14_5 NYSY_6,Edge
14,5,NYSY,AM,EcM,7,14_5 NYSY_7,Edge
14,5,NYSY,AM,EcM,8,14_5 NYSY_8,Center
14,5,NYSY,AM,EcM,9,14_5 NYSY_9,Edge
14,5,NYSY,AM,EcM,10,14_5 NYSY_10,n/a
14,5,NYSY,AM,EcM,11,14_5 NYSY_11,n/a
14,5,NYSY,AM,EcM,12,14_5 NYSY_12,Center
14,5,NYSY,AM,EcM,13,14_5 NYSY_13,Center
14,5,NYSY,AM,EcM,14,14_5 NYSY_14,Center
14,5,NYSY,AM,EcM,15,14_5 NYSY_15,Edge
14,5,NYSY,AM,EcM,16,14_5 NYSY_16,Edge
14,5,NYSY,AM,EcM,17,14_5 NYSY_17,Center
14,5,NYSY,AM,EcM,18,14_5 NYSY_18,Center
14,5,NYSY,AM,EcM,19,14_5 NYSY_19,Edge
14,5,NYSY,AM,EcM,20,14_5 NYSY_20,Center
14,5,PRSE,AM,EcM,1,14_5 PRSE_1,Edge
14,5,PRSE,AM,EcM,2,14_5 PRSE_2,Center
14,5,PRSE,AM,EcM,3,14_5 PRSE_3,Edge
14,5,PRSE,AM,EcM,4,14_5 PRSE_4,Edge
14,5,PRSE,AM,EcM,5,14_5 PRSE_5,n/a
14,5,PRSE,AM,EcM,6,14_5 PRSE_6,Edge
14,5,PRSE,AM,EcM,7,14_5 PRSE_7,Center
14,5,PRSE,AM,EcM,8,14_5 PRSE_8,n/a
14,5,PRSE,AM,EcM,9,14_5 PRSE_9,Edge
14,5,PRSE,AM,EcM,10,14_5 PRSE_10,Edge
14,5,PRSE,AM,EcM,11,14_5 PRSE_11,Center
14,5,PRSE,AM,EcM,12,14_5 PRSE_12,n/a
14,5,PRSE,AM,EcM,13,14_5 PRSE_13,n/a
14,5,PRSE,AM,EcM,14,14_5 PRSE_14,Center
14,5,PRSE,AM,EcM,15,14_5 PRSE_15,Edge
14,5,PRSE,AM,EcM,16,14_5 PRSE_16,Edge
14,5,PRSE,AM,EcM,17,14_5 PRSE_17,Center
14,5,PRSE,AM,EcM,18,14_5 PRSE_18,Edge
14,5,PRSE,AM,EcM,19,14_5 PRSE_19,Edge
14,5,PRSE,AM,EcM,20,14_5 PRSE_20,n/a
14,5,PRSE,AM,EcM,21,14_5 PRSE_21,Edge
14,5,BELE,EcM,EcM,1,14_5 BELE_1,Edge
14,5,BELE,EcM,EcM,2,14_5 BELE_2,Edge
14,5,BELE,EcM,EcM,3,14_5 BELE_3,Center
14,5,BELE,EcM,EcM,4,14_5 BELE_4,Edge
14,5,BELE,EcM,EcM,5,14_5 BELE_5,Edge
14,5,BELE,EcM,EcM,6,14_5 BELE_6,n/a
14,5,BELE,EcM,EcM,7,14_5 BELE_7,Edge
14,5,BELE,EcM,EcM,8,14_5 BELE_8,n/a
14,5,BELE,EcM,EcM,9,14_5 BELE_9,Edge
14,5,BELE,EcM,EcM,10,14_5 BELE_10,Center
14,5,BELE,EcM,EcM,11,14_5 BELE_11,Edge
14,5,BELE,EcM,EcM,12,14_5 BELE_12,Center
14,5,BELE,EcM,EcM,13,14_5 BELE_13,Center
14,5,BELE,EcM,EcM,14,14_5 BELE_14,Edge
14,5,BELE,EcM,EcM,15,14_5 BELE_15,Center
14,5,BELE,EcM,EcM,16,14_5 BELE_16,Edge
14,5,BELE,EcM,EcM,17,14_5 BELE_17,Edge
14,5,BELE,EcM,EcM,18,14_5 BELE_18,n/a
14,5,BELE,EcM,EcM,19,14_5 BELE_19,Edge
14,5,BELE,EcM,EcM,20,14_5 BELE_20,Center
14,5,CACO,EcM,EcM,1,14_5 CACO_1,Edge
14,5,CACO,EcM,EcM,2,14_5 CACO_2,n/a
14,5,CACO,EcM,EcM,3,14_5 CACO_3,Edge
14,5,CACO,EcM,EcM,4,14_5 CACO_4,n/a
14,5,CACO,EcM,EcM,5,14_5 CACO_5,Edge
14,5,CACO,EcM,EcM,6,14_5 CACO_6,Edge
14,5,CACO,EcM,EcM,7,14_5 CACO_7,Edge
14,5,CACO,EcM,EcM,8,14_5 CACO_8,n/a
14,5,CACO,EcM,EcM,9,14_5 CACO_9,Center
14,5,CACO,EcM,EcM,10,14_5 CACO_10,Center
14,5,CACO,EcM,EcM,11,14_5 CACO_11,Center
14,5,CACO,EcM,EcM,12,14_5 CACO_12,Center
14,5,CACO,EcM,EcM,13,14_5 CACO_13,Center
14,5,CACO,EcM,EcM,14,14_5 CACO_14,Center
14,5,CACO,EcM,EcM,15,14_5 CACO_15,n/a
14,5,CACO,EcM,EcM,16,14_5 CACO_16,Edge
14,5,CACO,EcM,EcM,17,14_5 CACO_17,Edge
14,5,CACO,EcM,EcM,18,14_5 CACO_18,Edge
14,5,CACO,EcM,EcM,19,14_5 CACO_19,n/a
14,5,CACO,EcM,EcM,20,14_5 CACO_20,Edge
14,5,QURU,EcM,EcM,1,14_5 QURU_1,Center
14,5,QURU,EcM,EcM,2,14_5 QURU_2,Center
14,5,QURU,EcM,EcM,3,14_5 QURU_3,Center
14,5,QURU,EcM,EcM,4,14_5 QURU_4,n/a
14,5,QURU,EcM,EcM,5,14_5 QURU_5,Edge
14,5,QURU,EcM,EcM,6,14_5 QURU_6,Center
14,5,QURU,EcM,EcM,7,14_5 QURU_7,n/a
14,5,QURU,EcM,EcM,8,14_5 QURU_8,Center
14,5,QURU,EcM,EcM,9,14_5 QURU_9,n/a
14,5,QURU,EcM,EcM,10,14_5 QURU_10,n/a
14,5,QURU,EcM,EcM,11,14_5 QURU_11,Edge
14,5,QURU,EcM,EcM,12,14_5 QURU_12,Center
14,5,QURU,EcM,EcM,13,14_5 QURU_13,Center
14,5,QURU,EcM,EcM,14,14_5 QURU_14,Edge
14,5,QURU,EcM,EcM,15,14_5 QURU_15,Edge
14,5,QURU,EcM,EcM,16,14_5 QURU_16,Edge
14,5,QURU,EcM,EcM,17,14_5 QURU_17,Edge
14,5,QURU,EcM,EcM,18,14_5 QURU_18,n/a
14,5,QURU,EcM,EcM,19,14_5 QURU_19,Edge
14,5,QURU,EcM,EcM,20,14_5 QURU_20,Center
14,5,TIAM,EcM,EcM,1,14_5 TIAM_1,Edge
14,5,TIAM,EcM,EcM,2,14_5 TIAM_2,Edge
14,5,TIAM,EcM,EcM,3,14_5 TIAM_3,n/a
14,5,TIAM,EcM,EcM,4,14_5 TIAM_4,n/a
14,5,TIAM,EcM,EcM,5,14_5 TIAM_5,Edge
14,5,TIAM,EcM,EcM,6,14_5 TIAM_6,Edge
14,5,TIAM,EcM,EcM,7,14_5 TIAM_7,Edge
14,5,TIAM,EcM,EcM,8,14_5 TIAM_8,Edge
14,5,TIAM,EcM,EcM,9,14_5 TIAM_9,Center
14,5,TIAM,EcM,EcM,10,14_5 TIAM_10,n/a
14,5,TIAM,EcM,EcM,11,14_5 TIAM_11,Center
14,5,TIAM,EcM,EcM,12,14_5 TIAM_12,Edge
14,5,TIAM,EcM,EcM,13,14_5 TIAM_13,Center
14,5,TIAM,EcM,EcM,14,14_5 TIAM_14,Edge
14,5,TIAM,EcM,EcM,15,14_5 TIAM_15,Center
14,5,TIAM,EcM,EcM,16,14_5 TIAM_16,n/a
14,5,TIAM,EcM,EcM,17,14_5 TIAM_17,Edge
14,5,TIAM,EcM,EcM,18,14_5 TIAM_18,n/a
14,5,TIAM,EcM,EcM,19,14_5 TIAM_19,Center
14,5,TIAM,EcM,EcM,20,14_5 TIAM_20,n/a
14,6,ACRU,AM,EcM,1,14_6 ACRU_1,Center
14,6,ACRU,AM,EcM,2,14_6 ACRU_2,n/a
14,6,ACRU,AM,EcM,3,14_6 ACRU_3,Center
14,6,ACRU,AM,EcM,4,14_6 ACRU_4,n/a
14,6,ACRU,AM,EcM,5,14_6 ACRU_5,n/a
14,6,ACRU,AM,EcM,6,14_6 ACRU_6,Edge
14,6,ACRU,AM,EcM,7,14_6 ACRU_7,Center
14,6,ACRU,AM,EcM,8,14_6 ACRU_8,Center
14,6,ACRU,AM,EcM,9,14_6 ACRU_9,Edge
14,6,ACRU,AM,EcM,10,14_6 ACRU_10,n/a
14,6,ACRU,AM,EcM,11,14_6 ACRU_11,Edge
14,6,ACRU,AM,EcM,12,14_6 ACRU_12,Edge
14,6,ACRU,AM,EcM,13,14_6 ACRU_13,Edge
14,6,ACRU,AM,EcM,14,14_6 ACRU_14,Center
14,6,ACRU,AM,EcM,15,14_6 ACRU_15,Edge
14,6,ACRU,AM,EcM,16,14_6 ACRU_16,Edge
14,6,ACRU,AM,EcM,17,14_6 ACRU_17,Edge
14,6,ACRU,AM,EcM,18,14_6 ACRU_18,Edge
14,6,ACRU,AM,EcM,19,14_6 ACRU_19,Edge
14,6,ACRU,AM,EcM,20,14_6 ACRU_20,n/a
14,6,ACSA,AM,EcM,1,14_6 ACSA_1,Center
14,6,ACSA,AM,EcM,2,14_6 ACSA_2,Edge
14,6,ACSA,AM,EcM,3,14_6 ACSA_3,n/a
14,6,ACSA,AM,EcM,4,14_6 ACSA_4,Center
14,6,ACSA,AM,EcM,5,14_6 ACSA_5,Center
14,6,ACSA,AM,EcM,6,14_6 ACSA_6,Edge
14,6,ACSA,AM,EcM,7,14_6 ACSA_7,Edge
14,6,ACSA,AM,EcM,8,14_6 ACSA_8,Edge
14,6,ACSA,AM,EcM,9,14_6 ACSA_9,n/a
14,6,ACSA,AM,EcM,10,14_6 ACSA_10,Edge
14,6,ACSA,AM,EcM,11,14_6 ACSA_11,Edge
14,6,ACSA,AM,EcM,12,14_6 ACSA_12,Edge
14,6,ACSA,AM,EcM,13,14_6 ACSA_13,Edge
14,6,ACSA,AM,EcM,14,14_6 ACSA_14,n/a
14,6,ACSA,AM,EcM,15,14_6 ACSA_15,Center
14,6,ACSA,AM,EcM,16,14_6 ACSA_16,Edge
14,6,ACSA,AM,EcM,17,14_6 ACSA_17,n/a
14,6,ACSA,AM,EcM,18,14_6 ACSA_18,Edge
14,6,ACSA,AM,EcM,19,14_6 ACSA_19,Center
14,6,ACSA,AM,EcM,20,14_6 ACSA_20,Center
14,6,NYSY,AM,EcM,1,14_6 NYSY_1,Edge
14,6,NYSY,AM,EcM,2,14_6 NYSY_2,Edge
14,6,NYSY,AM,EcM,3,14_6 NYSY_3,Edge
14,6,NYSY,AM,EcM,4,14_6 NYSY_4,n/a
14,6,NYSY,AM,EcM,5,14_6 NYSY_5,Center
14,6,NYSY,AM,EcM,6,14_6 NYSY_6,Center
14,6,NYSY,AM,EcM,7,14_6 NYSY_7,n/a
14,6,NYSY,AM,EcM,8,14_6 NYSY_8,Edge
14,6,NYSY,AM,EcM,9,14_6 NYSY_9,Edge
14,6,NYSY,AM,EcM,10,14_6 NYSY_10,Edge
14,6,NYSY,AM,EcM,11,14_6 NYSY_11,Edge
14,6,NYSY,AM,EcM,12,14_6 NYSY_12,Center
14,6,NYSY,AM,EcM,13,14_6 NYSY_13,Edge
14,6,NYSY,AM,EcM,14,14_6 NYSY_14,Edge
14,6,NYSY,AM,EcM,15,14_6 NYSY_15,Edge
14,6,NYSY,AM,EcM,16,14_6 NYSY_16,Edge
14,6,NYSY,AM,EcM,17,14_6 NYSY_17,Center
14,6,NYSY,AM,EcM,18,14_6 NYSY_18,Center
14,6,NYSY,AM,EcM,19,14_6 NYSY_19,n/a
14,6,NYSY,AM,EcM,20,14_6 NYSY_20,Edge
14,6,PRSE,AM,EcM,1,14_6 PRSE_1,Center
14,6,PRSE,AM,EcM,2,14_6 PRSE_2,n/a
14,6,PRSE,AM,EcM,3,14_6 PRSE_3,n/a
14,6,PRSE,AM,EcM,4,14_6 PRSE_4,Edge
14,6,PRSE,AM,EcM,5,14_6 PRSE_5,Edge
14,6,PRSE,AM,EcM,6,14_6 PRSE_6,Edge
14,6,PRSE,AM,EcM,7,14_6 PRSE_7,Edge
14,6,PRSE,AM,EcM,8,14_6 PRSE_8,Center
14,6,PRSE,AM,EcM,9,14_6 PRSE_9,Center
14,6,PRSE,AM,EcM,10,14_6 PRSE_10,Center
14,6,PRSE,AM,EcM,11,14_6 PRSE_11,Edge
14,6,PRSE,AM,EcM,12,14_6 PRSE_12,Edge
14,6,PRSE,AM,EcM,13,14_6 PRSE_13,Edge
14,6,PRSE,AM,EcM,14,14_6 PRSE_14,n/a
14,6,PRSE,AM,EcM,15,14_6 PRSE_15,n/a
14,6,PRSE,AM,EcM,16,14_6 PRSE_16,Edge
14,6,PRSE,AM,EcM,17,14_6 PRSE_17,Edge
14,6,PRSE,AM,EcM,18,14_6 PRSE_18,n/a
14,6,PRSE,AM,EcM,19,14_6 PRSE_19,Edge
14,6,PRSE,AM,EcM,20,14_6 PRSE_20,Edge
14,6,PRSE,AM,EcM,21,14_6 PRSE_20,n/a
14,6,BELE,EcM,EcM,1,14_6 BELE_1,Center
14,6,BELE,EcM,EcM,2,14_6 BELE_2,Center
14,6,BELE,EcM,EcM,3,14_6 BELE_3,Edge
14,6,BELE,EcM,EcM,4,14_6 BELE_4,Center
14,6,BELE,EcM,EcM,5,14_6 BELE_5,n/a
14,6,BELE,EcM,EcM,6,14_6 BELE_6,Edge
14,6,BELE,EcM,EcM,7,14_6 BELE_7,Center
14,6,BELE,EcM,EcM,8,14_6 BELE_8,Edge
14,6,BELE,EcM,EcM,9,14_6 BELE_9,n/a
14,6,BELE,EcM,EcM,10,14_6 BELE_10,Edge
14,6,BELE,EcM,EcM,11,14_6 BELE_11,Center
14,6,BELE,EcM,EcM,12,14_6 BELE_12,Center
14,6,BELE,EcM,EcM,13,14_6 BELE_13,Edge
14,6,BELE,EcM,EcM,14,14_6 BELE_14,Edge
14,6,BELE,EcM,EcM,15,14_6 BELE_15,Edge
14,6,BELE,EcM,EcM,16,14_6 BELE_16,Edge
14,6,BELE,EcM,EcM,17,14_6 BELE_17,Center
14,6,BELE,EcM,EcM,18,14_6 BELE_18,Edge
14,6,BELE,EcM,EcM,19,14_6 BELE_19,Edge
14,6,BELE,EcM,EcM,20,14_6 BELE_20,Edge
14,6,CACO,EcM,EcM,1,14_6 CACO_1,Center
14,6,CACO,EcM,EcM,2,14_6 CACO_2,n/a
14,6,CACO,EcM,EcM,3,14_6 CACO_3,Edge
14,6,CACO,EcM,EcM,4,14_6 CACO_4,Edge
14,6,CACO,EcM,EcM,5,14_6 CACO_5,Center
14,6,CACO,EcM,EcM,6,14_6 CACO_6,Center
14,6,CACO,EcM,EcM,7,14_6 CACO_7,Edge
14,6,CACO,EcM,EcM,8,14_6 CACO_8,Edge
14,6,CACO,EcM,EcM,9,14_6 CACO_9,Center
14,6,CACO,EcM,EcM,10,14_6 CACO_10,Edge
14,6,CACO,EcM,EcM,11,14_6 CACO_11,Edge
14,6,CACO,EcM,EcM,12,14_6 CACO_12,Edge
14,6,CACO,EcM,EcM,13,14_6 CACO_13,Edge
14,6,CACO,EcM,EcM,14,14_6 CACO_14,n/a
14,6,CACO,EcM,EcM,15,14_6 CACO_15,Center
14,6,CACO,EcM,EcM,16,14_6 CACO_16,n/a
14,6,CACO,EcM,EcM,17,14_6 CACO_17,Center
14,6,CACO,EcM,EcM,18,14_6 CACO_18,Center
14,6,CACO,EcM,EcM,19,14_6 CACO_19,Edge
14,6,CACO,EcM,EcM,20,14_6 CACO_20,Edge
14,6,QURU,EcM,EcM,1,14_6 QURU_1,n/a
14,6,QURU,EcM,EcM,2,14_6 QURU_2,Edge
14,6,QURU,EcM,EcM,3,14_6 QURU_3,n/a
14,6,QURU,EcM,EcM,4,14_6 QURU_4,Edge
14,6,QURU,EcM,EcM,5,14_6 QURU_5,Edge
14,6,QURU,EcM,EcM,6,14_6 QURU_6,Center
14,6,QURU,EcM,EcM,7,14_6 QURU_7,Edge
14,6,QURU,EcM,EcM,8,14_6 QURU_8,Center
14,6,QURU,EcM,EcM,9,14_6 QURU_9,Edge
14,6,QURU,EcM,EcM,10,14_6 QURU_10,Edge
14,6,QURU,EcM,EcM,11,14_6 QURU_11,Edge
14,6,QURU,EcM,EcM,12,14_6 QURU_12,Center
14,6,QURU,EcM,EcM,13,14_6 QURU_13,n/a
14,6,QURU,EcM,EcM,14,14_6 QURU_14,Edge
14,6,QURU,EcM,EcM,15,14_6 QURU_15,Center
14,6,QURU,EcM,EcM,16,14_6 QURU_16,n/a
14,6,QURU,EcM,EcM,17,14_6 QURU_17,Edge
14,6,QURU,EcM,EcM,18,14_6 QURU_18,Edge
14,6,QURU,EcM,EcM,19,14_6 QURU_19,Center
14,6,QURU,EcM,EcM,20,14_6 QURU_20,n/a
14,6,TIAM,EcM,EcM,1,14_6 TIAM_1,Edge
14,6,TIAM,EcM,EcM,2,14_6 TIAM_2,n/a
14,6,TIAM,EcM,EcM,3,14_6 TIAM_3,Edge
14,6,TIAM,EcM,EcM,4,14_6 TIAM_4,Center
14,6,TIAM,EcM,EcM,5,14_6 TIAM_5,Edge
14,6,TIAM,EcM,EcM,6,14_6 TIAM_6,Center
14,6,TIAM,EcM,EcM,7,14_6 TIAM_7,Center
14,6,TIAM,EcM,EcM,8,14_6 TIAM_8,Edge
14,6,TIAM,EcM,EcM,9,14_6 TIAM_9,Center
14,6,TIAM,EcM,EcM,10,14_6 TIAM_10,Center
14,6,TIAM,EcM,EcM,11,14_6 TIAM_11,Edge
14,6,TIAM,EcM,EcM,12,14_6 TIAM_12,n/a
14,6,TIAM,EcM,EcM,13,14_6 TIAM_13,Center
14,6,TIAM,EcM,EcM,14,14_6 TIAM_14,n/a
14,6,TIAM,EcM,EcM,15,14_6 TIAM_15,Edge
14,6,TIAM,EcM,EcM,16,14_6 TIAM_16,n/a
14,6,TIAM,EcM,EcM,17,14_6 TIAM_17,Center
14,6,TIAM,EcM,EcM,18,14_6 TIAM_18,Edge
14,6,TIAM,EcM,EcM,19,14_6 TIAM_19,n/a
14,6,TIAM,EcM,EcM,20,14_6 TIAM_20,Center
14,7,ACRU,AM,EcM,1,14_7 ACRU_1,Edge
14,7,ACRU,AM,EcM,2,14_7 ACRU_2,n/a
14,7,ACRU,AM,EcM,3,14_7 ACRU_3,Edge
14,7,ACRU,AM,EcM,4,14_7 ACRU_4,Edge
14,7,ACRU,AM,EcM,5,14_7 ACRU_5,n/a
14,7,ACRU,AM,EcM,6,14_7 ACRU_6,Edge
14,7,ACRU,AM,EcM,7,14_7 ACRU_7,Center
14,7,ACRU,AM,EcM,8,14_7 ACRU_8,Center
14,7,ACRU,AM,EcM,9,14_7 ACRU_9,n/a
14,7,ACRU,AM,EcM,10,14_7 ACRU_10,n/a
14,7,ACRU,AM,EcM,11,14_7 ACRU_11,n/a
14,7,ACRU,AM,EcM,12,14_7 ACRU_12,Edge
14,7,ACRU,AM,EcM,13,14_7 ACRU_13,Edge
14,7,ACRU,AM,EcM,14,14_7 ACRU_14,Edge
14,7,ACRU,AM,EcM,15,14_7 ACRU_15,Edge
14,7,ACRU,AM,EcM,16,14_7 ACRU_16,Edge
14,7,ACRU,AM,EcM,17,14_7 ACRU_17,Center
14,7,ACRU,AM,EcM,18,14_7 ACRU_18,Center
14,7,ACRU,AM,EcM,19,14_7 ACRU_19,n/a
14,7,ACRU,AM,EcM,20,14_7 ACRU_20,Center
14,7,ACSA,AM,EcM,1,14_7 ACSA_1,Center
14,7,ACSA,AM,EcM,2,14_7 ACSA_2,Edge
14,7,ACSA,AM,EcM,3,14_7 ACSA_3,Edge
14,7,ACSA,AM,EcM,4,14_7 ACSA_4,Edge
14,7,ACSA,AM,EcM,5,14_7 ACSA_5,Edge
14,7,ACSA,AM,EcM,6,14_7 ACSA_6,Edge
14,7,ACSA,AM,EcM,7,14_7 ACSA_7,Edge
14,7,ACSA,AM,EcM,8,14_7 ACSA_8,Edge
14,7,ACSA,AM,EcM,9,14_7 ACSA_9,n/a
14,7,ACSA,AM,EcM,10,14_7 ACSA_10,Edge
14,7,ACSA,AM,EcM,11,14_7 ACSA_11,Edge
14,7,ACSA,AM,EcM,12,14_7 ACSA_12,Center
14,7,ACSA,AM,EcM,13,14_7 ACSA_13,Center
14,7,ACSA,AM,EcM,14,14_7 ACSA_14,Center
14,7,ACSA,AM,EcM,15,14_7 ACSA_15,n/a
14,7,ACSA,AM,EcM,16,14_7 ACSA_16,Edge
14,7,ACSA,AM,EcM,17,14_7 ACSA_17,n/a
14,7,ACSA,AM,EcM,18,14_7 ACSA_18,Center
14,7,ACSA,AM,EcM,19,14_7 ACSA_19,n/a
14,7,ACSA,AM,EcM,20,14_7 ACSA_20,Center
14,7,NYSY,AM,EcM,1,14_7 NYSY_1,Edge
14,7,NYSY,AM,EcM,2,14_7 NYSY_2,Center
14,7,NYSY,AM,EcM,3,14_7 NYSY_3,Center
14,7,NYSY,AM,EcM,4,14_7 NYSY_4,Center
14,7,NYSY,AM,EcM,5,14_7 NYSY_5,Edge
14,7,NYSY,AM,EcM,6,14_7 NYSY_6,Edge
14,7,NYSY,AM,EcM,7,14_7 NYSY_7,Center
14,7,NYSY,AM,EcM,8,14_7 NYSY_8,Edge
14,7,NYSY,AM,EcM,9,14_7 NYSY_9,Edge
14,7,NYSY,AM,EcM,10,14_7 NYSY_10,n/a
14,7,NYSY,AM,EcM,11,14_7 NYSY_11,n/a
14,7,NYSY,AM,EcM,12,14_7 NYSY_12,n/a
14,7,NYSY,AM,EcM,13,14_7 NYSY_13,Center
14,7,NYSY,AM,EcM,14,14_7 NYSY_14,Edge
14,7,NYSY,AM,EcM,15,14_7 NYSY_15,Center
14,7,NYSY,AM,EcM,16,14_7 NYSY_16,Center
14,7,NYSY,AM,EcM,17,14_7 NYSY_17,Center
14,7,NYSY,AM,EcM,18,14_7 NYSY_18,Center
14,7,NYSY,AM,EcM,19,14_7 NYSY_19,n/a
14,7,NYSY,AM,EcM,20,14_7 NYSY_20,Center
14,7,PRSE,AM,EcM,1,14_7 PRSE_1,Center
14,7,PRSE,AM,EcM,2,14_7 PRSE_2,Center
14,7,PRSE,AM,EcM,3,14_7 PRSE_3,Center
14,7,PRSE,AM,EcM,4,14_7 PRSE_4,n/a
14,7,PRSE,AM,EcM,5,14_7 PRSE_5,Center
14,7,PRSE,AM,EcM,6,14_7 PRSE_6,n/a
14,7,PRSE,AM,EcM,7,14_7 PRSE_7,Edge
14,7,PRSE,AM,EcM,8,14_7 PRSE_8,Center
14,7,PRSE,AM,EcM,9,14_7 PRSE_9,Edge
14,7,PRSE,AM,EcM,10,14_7 PRSE_10,Center
14,7,PRSE,AM,EcM,11,14_7 PRSE_11,n/a
14,7,PRSE,AM,EcM,12,14_7 PRSE_12,Center
14,7,PRSE,AM,EcM,13,14_7 PRSE_13,n/a
14,7,PRSE,AM,EcM,14,14_7 PRSE_14,Center
14,7,PRSE,AM,EcM,15,14_7 PRSE_15,Center
14,7,PRSE,AM,EcM,16,14_7 PRSE_16,n/a
14,7,PRSE,AM,EcM,17,14_7 PRSE_17,Edge
14,7,PRSE,AM,EcM,18,14_7 PRSE_18,Center
14,7,PRSE,AM,EcM,19,14_7 PRSE_19,Center
14,7,PRSE,AM,EcM,20,14_7 PRSE_20,Center
14,7,BELE,EcM,EcM,1,14_7 BELE_1,n/a
14,7,BELE,EcM,EcM,2,14_7 BELE_2,n/a
14,7,BELE,EcM,EcM,3,14_7 BELE_3,Center
14,7,BELE,EcM,EcM,4,14_7 BELE_4,Edge
14,7,BELE,EcM,EcM,5,14_7 BELE_5,Center
14,7,BELE,EcM,EcM,6,14_7 BELE_6,Edge
14,7,BELE,EcM,EcM,7,14_7 BELE_7,Edge
14,7,BELE,EcM,EcM,8,14_7 BELE_8,n/a
14,7,BELE,EcM,EcM,9,14_7 BELE_9,n/a
14,7,BELE,EcM,EcM,10,14_7 BELE_10,Edge
14,7,BELE,EcM,EcM,11,14_7 BELE_11,Edge
14,7,BELE,EcM,EcM,12,14_7 BELE_12,Edge
14,7,BELE,EcM,EcM,13,14_7 BELE_13,n/a
14,7,BELE,EcM,EcM,14,14_7 BELE_14,n/a
14,7,BELE,EcM,EcM,15,14_7 BELE_15,Center
14,7,BELE,EcM,EcM,16,14_7 BELE_16,Edge
14,7,BELE,EcM,EcM,17,14_7 BELE_17,Center
14,7,BELE,EcM,EcM,18,14_7 BELE_18,Edge
14,7,BELE,EcM,EcM,19,14_7 BELE_19,Edge
14,7,BELE,EcM,EcM,20,14_7 BELE_20,Center
14,7,CACO,EcM,EcM,1,14_7 CACO_1,Center
14,7,CACO,EcM,EcM,2,14_7 CACO_2,Center
14,7,CACO,EcM,EcM,3,14_7 CACO_3,Edge
14,7,CACO,EcM,EcM,4,14_7 CACO_4,n/a
14,7,CACO,EcM,EcM,5,14_7 CACO_5,Center
14,7,CACO,EcM,EcM,6,14_7 CACO_6,Edge
14,7,CACO,EcM,EcM,7,14_7 CACO_7,Edge
14,7,CACO,EcM,EcM,8,14_7 CACO_8,Edge
14,7,CACO,EcM,EcM,9,14_7 CACO_9,n/a
14,7,CACO,EcM,EcM,10,14_7 CACO_10,n/a
14,7,CACO,EcM,EcM,11,14_7 CACO_11,Center
14,7,CACO,EcM,EcM,12,14_7 CACO_12,Edge
14,7,CACO,EcM,EcM,13,14_7 CACO_13,n/a
14,7,CACO,EcM,EcM,14,14_7 CACO_14,Center
14,7,CACO,EcM,EcM,15,14_7 CACO_15,Center
14,7,CACO,EcM,EcM,16,14_7 CACO_16,Edge
14,7,CACO,EcM,EcM,17,14_7 CACO_17,Center
14,7,CACO,EcM,EcM,18,14_7 CACO_18,Center
14,7,CACO,EcM,EcM,19,14_7 CACO_19,Edge
14,7,CACO,EcM,EcM,20,14_7 CACO_20,Edge
14,7,QURU,EcM,EcM,1,14_7 QURU_1,Edge
14,7,QURU,EcM,EcM,2,14_7 QURU_2,n/a
14,7,QURU,EcM,EcM,3,14_7 QURU_3,Edge
14,7,QURU,EcM,EcM,4,14_7 QURU_4,Edge
14,7,QURU,EcM,EcM,5,14_7 QURU_5,Center
14,7,QURU,EcM,EcM,6,14_7 QURU_6,n/a
14,7,QURU,EcM,EcM,7,14_7 QURU_7,Edge
14,7,QURU,EcM,EcM,8,14_7 QURU_8,n/a
14,7,QURU,EcM,EcM,9,14_7 QURU_9,Center
14,7,QURU,EcM,EcM,10,14_7 QURU_10,n/a
14,7,QURU,EcM,EcM,11,14_7 QURU_11,Edge
14,7,QURU,EcM,EcM,12,14_7 QURU_12,Center
14,7,QURU,EcM,EcM,13,14_7 QURU_13,Edge
14,7,QURU,EcM,EcM,14,14_7 QURU_14,Center
14,7,QURU,EcM,EcM,15,14_7 QURU_15,Center
14,7,QURU,EcM,EcM,16,14_7 QURU_16,n/a
14,7,QURU,EcM,EcM,17,14_7 QURU_17,Edge
14,7,QURU,EcM,EcM,18,14_7 QURU_18,n/a
14,7,QURU,EcM,EcM,19,14_7 QURU_19,Edge
14,7,QURU,EcM,EcM,20,14_7 QURU_20,Center
14,7,TIAM,EcM,EcM,1,14_7 TIAM_1,Edge
14,7,TIAM,EcM,EcM,2,14_7 TIAM_2,Edge
14,7,TIAM,EcM,EcM,3,14_7 TIAM_3,Edge
14,7,TIAM,EcM,EcM,4,14_7 TIAM_4,Edge
14,7,TIAM,EcM,EcM,5,14_7 TIAM_5,Edge
14,7,TIAM,EcM,EcM,6,14_7 TIAM_6,Edge
14,7,TIAM,EcM,EcM,7,14_7 TIAM_7,Edge
14,7,TIAM,EcM,EcM,8,14_7 TIAM_8,Center
14,7,TIAM,EcM,EcM,9,14_7 TIAM_9,n/a
14,7,TIAM,EcM,EcM,10,14_7 TIAM_10,Center
14,7,TIAM,EcM,EcM,11,14_7 TIAM_11,Center
14,7,TIAM,EcM,EcM,12,14_7 TIAM_12,Edge
14,7,TIAM,EcM,EcM,13,14_7 TIAM_13,Center
14,7,TIAM,EcM,EcM,14,14_7 TIAM_14,Edge
14,7,TIAM,EcM,EcM,15,14_7 TIAM_15,Center
14,7,TIAM,EcM,EcM,16,14_7 TIAM_16,Center
14,7,TIAM,EcM,EcM,17,14_7 TIAM_17,n/a
14,7,TIAM,EcM,EcM,18,14_7 TIAM_18,Edge
14,7,TIAM,EcM,EcM,19,14_7 TIAM_19,n/a
14,7,TIAM,EcM,EcM,20,14_7 TIAM_20,n/a