Unit,Plot,Species,myc.species.type,myc.legacy.type,Num.,Tag ID,REALGrowth,Prox
10,5,ACRU,AM,AM,1,10_5 ACRU_1,0.058904813,Center
10,5,ACRU,AM,AM,4,10_5 ACRU_4,4.188786667,Center
10,5,ACRU,AM,AM,5,10_5 ACRU_5,32.39764688,Edge
10,5,ACRU,AM,AM,6,10_5 ACRU_6,1.795942283,Edge
10,5,ACRU,AM,AM,8,10_5 ACRU_8,66.1618854,Edge
10,5,ACRU,AM,AM,9,10_5 ACRU_9,7.363101563,Center
10,5,ACRU,AM,AM,11,10_5 ACRU_11,17.38870065,Center
10,5,ACRU,AM,AM,12,10_5 ACRU_12,18.72911238,Edge
10,5,ACRU,AM,AM,13,10_5 ACRU_13,0,Edge
10,5,ACRU,AM,AM,14,10_5 ACRU_14,0.306305025,Edge
10,5,ACRU,AM,AM,15,10_5 ACRU_15,3.403389167,Edge
10,5,ACRU,AM,AM,16,10_5 ACRU_16,5.38782685,Edge
10,5,ACRU,AM,AM,17,10_5 ACRU_17,0.146607533,Center
10,5,ACRU,AM,AM,18,10_5 ACRU_18,0.448985571,Center
10,5,ACRU,AM,AM,19,10_5 ACRU_19,12.0637056,Edge
10,5,ACRU,AM,AM,20,10_5 ACRU_20,29.4052824,Edge
10,5,ACSA,AM,AM,1,10_5 ACSA_1,0.23561925,Edge
10,5,ACSA,AM,AM,2,10_5 ACSA_2,1.843066133,Edge
10,5,ACSA,AM,AM,4,10_5 ACSA_4,0.397934733,Center
10,5,ACSA,AM,AM,6,10_5 ACSA_6,-0.5026544,Center
10,5,ACSA,AM,AM,7,10_5 ACSA_7,7.742710354,Edge
10,5,ACSA,AM,AM,8,10_5 ACSA_8,16.6190111,Edge
10,5,ACSA,AM,AM,9,10_5 ACSA_9,-0.01570795,Center
10,5,ACSA,AM,AM,11,10_5 ACSA_11,-61.28456693,Center
10,5,ACSA,AM,AM,12,10_5 ACSA_12,0,Edge
10,5,ACSA,AM,AM,13,10_5 ACSA_13,0,Edge
10,5,ACSA,AM,AM,14,10_5 ACSA_14,0,Edge
10,5,ACSA,AM,AM,15,10_5 ACSA_15,0.327248958,Edge
10,5,ACSA,AM,AM,17,10_5 ACSA_17,0,Center
10,5,ACSA,AM,AM,18,10_5 ACSA_18,8.627591538,Center
10,5,ACSA,AM,AM,19,10_5 ACSA_19,0,Edge
10,5,ACSA,AM,AM,20,10_5 ACSA_20,0,Edge
10,5,NYSY,AM,AM,1,10_5 NYSY_1,0,Edge
10,5,NYSY,AM,AM,2,10_5 NYSY_2,50.26544,Edge
10,5,NYSY,AM,AM,7,10_5 NYSY_7,4.843284583,Center
10,5,NYSY,AM,AM,8,10_5 NYSY_8,0.883572188,Center
10,5,NYSY,AM,AM,10,10_5 NYSY_10,3.591884567,Edge
10,5,NYSY,AM,AM,12,10_5 NYSY_12,0,Edge
10,5,NYSY,AM,AM,13,10_5 NYSY_13,-4.105010933,Center
10,5,NYSY,AM,AM,15,10_5 NYSY_15,0,Edge
10,5,NYSY,AM,AM,16,10_5 NYSY_16,0,Edge
10,5,NYSY,AM,AM,19,10_5 NYSY_19,10.25414976,Edge
10,5,PRSE,AM,AM,4,10_5 PRSE_4,82.29395005,Edge
10,5,PRSE,AM,AM,5,10_5 PRSE_5,88.25773507,Edge
10,5,PRSE,AM,AM,6,10_5 PRSE_6,507.6652361,Edge
10,5,PRSE,AM,AM,7,10_5 PRSE_7,120.637056,Edge
10,5,PRSE,AM,AM,8,10_5 PRSE_8,0.043196863,Edge
10,5,PRSE,AM,AM,9,10_5 PRSE_9,57.14944909,Edge
10,5,PRSE,AM,AM,10,10_5 PRSE_10,206.8396676,Center
10,5,PRSE,AM,AM,11,10_5 PRSE_11,322.7041248,Edge
10,5,PRSE,AM,AM,13,10_5 PRSE_13,205.2714906,Center
10,5,PRSE,AM,AM,14,10_5 PRSE_14,14.137155,Center
10,5,PRSE,AM,AM,16,10_5 PRSE_16,4.453203825,Edge
10,5,PRSE,AM,AM,17,10_5 PRSE_17,0.733037667,Edge
10,5,PRSE,AM,AM,18,10_5 PRSE_18,-9.75463695,Edge
10,5,PRSE,AM,AM,19,10_5 PRSE_19,8.24667375,Center
10,5,PRSE,AM,AM,20,10_5 PRSE_20,254.466172,Edge
10,5,BELE,EcM,AM,4,10_5 BELE_4,28.63428385,Center
10,5,BELE,EcM,AM,8,10_5 BELE_8,35.66804207,Edge
10,5,BELE,EcM,AM,9,10_5 BELE_9,53.85208858,Edge
10,5,BELE,EcM,AM,19,10_5 BELE_19,-1.09327332,Center
10,5,CACO,EcM,AM,1,10_5 CACO_1,-0.01884954,Edge
10,5,CACO,EcM,AM,2,10_5 CACO_2,-0.002356193,Center
10,5,CACO,EcM,AM,3,10_5 CACO_3,0.044767658,Center
10,5,CACO,EcM,AM,5,10_5 CACO_5,0.16964586,Edge
10,5,CACO,EcM,AM,7,10_5 CACO_7,-0.39584034,Center
10,5,CACO,EcM,AM,8,10_5 CACO_8,0.005235983,Edge
10,5,CACO,EcM,AM,10,10_5 CACO_10,-0.124354604,Edge
10,5,CACO,EcM,AM,12,10_5 CACO_12,-0.25446879,Edge
10,5,CACO,EcM,AM,16,10_5 CACO_16,0.61575164,Center
10,5,CACO,EcM,AM,18,10_5 CACO_18,0.001047197,Edge
10,5,CACO,EcM,AM,19,10_5 CACO_19,0,Edge
10,5,QURU,EcM,AM,1,10_5 QURU_1,9.0477792,Edge
10,5,QURU,EcM,AM,2,10_5 QURU_2,0.033510293,Edge
10,5,QURU,EcM,AM,3,10_5 QURU_3,12.25691339,Edge
10,5,QURU,EcM,AM,4,10_5 QURU_4,77.50930848,Center
10,5,QURU,EcM,AM,6,10_5 QURU_6,0,Center
10,5,QURU,EcM,AM,7,10_5 QURU_7,12.47682469,Edge
10,5,QURU,EcM,AM,9,10_5 QURU_9,1.123903823,Center
10,5,QURU,EcM,AM,10,10_5 QURU_10,6.44654268,Center
10,5,QURU,EcM,AM,11,10_5 QURU_11,1.937052034,Center
10,5,QURU,EcM,AM,12,10_5 QURU_12,-5.884459869,Center
10,5,QURU,EcM,AM,13,10_5 QURU_13,0,Center
10,5,QURU,EcM,AM,15,10_5 QURU_15,0,Edge
10,5,QURU,EcM,AM,17,10_5 QURU_17,0.080110545,Edge
10,5,QURU,EcM,AM,18,10_5 QURU_18,1.61163567,Edge
10,5,QURU,EcM,AM,19,10_5 QURU_19,,Center
10,5,TIAM,EcM,AM,3,10_5 TIAM_3,0,Center
10,5,TIAM,EcM,AM,4,10_5 TIAM_4,-0.073303767,Edge
10,5,TIAM,EcM,AM,5,10_5 TIAM_5,0.083775733,Edge
10,5,TIAM,EcM,AM,7,10_5 TIAM_7,0,Edge
10,5,TIAM,EcM,AM,8,10_5 TIAM_8,4.56158868,Edge
10,5,TIAM,EcM,AM,9,10_5 TIAM_9,-9.467181465,Edge
10,5,TIAM,EcM,AM,10,10_5 TIAM_10,12.55379364,Edge
10,5,TIAM,EcM,AM,11,10_5 TIAM_11,0.02199113,Edge
10,5,TIAM,EcM,AM,12,10_5 TIAM_12,0.22619448,Edge
10,5,TIAM,EcM,AM,14,10_5 TIAM_14,-16.27893398,Center
10,5,TIAM,EcM,AM,15,10_5 TIAM_15,0.083775733,Center
10,5,TIAM,EcM,AM,16,10_5 TIAM_16,0,Center
10,5,TIAM,EcM,AM,17,10_5 TIAM_17,2.061668438,Edge
10,5,TIAM,EcM,AM,18,10_5 TIAM_18,-0.949283778,Center
10,5,TIAM,EcM,AM,20,10_5 TIAM_20,2.932150667,Edge
8,1,ACRU,AM,AM,1,8_1 ACRU_1,7.641655876,Edge
8,1,ACRU,AM,AM,2,8_1 ACRU_2,215.9843125,Edge
8,1,ACRU,AM,AM,3,8_1 ACRU_3,0,Edge
8,1,ACRU,AM,AM,4,8_1 ACRU_4,3.959712396,Edge
8,1,ACRU,AM,AM,5,8_1 ACRU_5,8.406371242,Center
8,1,ACRU,AM,AM,6,8_1 ACRU_6,8.406371242,Center
8,1,ACRU,AM,AM,7,8_1 ACRU_7,70.50565717,Center
8,1,ACRU,AM,AM,8,8_1 ACRU_8,6.414079583,Center
8,1,ACRU,AM,AM,9,8_1 ACRU_9,33.51500572,Center
8,1,ACRU,AM,AM,10,8_1 ACRU_10,1.569224205,Center
8,1,ACRU,AM,AM,11,8_1 ACRU_11,2.783710539,Center
8,1,ACRU,AM,AM,15,8_1 ACRU_15,24.73059648,Edge
8,1,ACRU,AM,AM,18,8_1 ACRU_18,5.59831338,Edge
8,1,ACRU,AM,AM,19,8_1 ACRU_19,90.8236287,Edge
8,1,ACRU,AM,AM,20,8_1 ACRU_20,1.378372613,Edge
8,1,ACSA,AM,AM,1,8_1 ACSA_1,0,Center
8,1,ACSA,AM,AM,3,8_1 ACSA_3,1.95092739,Center
8,1,ACSA,AM,AM,4,8_1 ACSA_4,0,Center
8,1,ACSA,AM,AM,5,8_1 ACSA_5,1.282815917,Edge
8,1,ACSA,AM,AM,6,8_1 ACSA_6,0.485899253,Edge
8,1,ACSA,AM,AM,7,8_1 ACSA_7,0.080110545,Center
8,1,ACSA,AM,AM,8,8_1 ACSA_8,9.215330667,Edge
8,1,ACSA,AM,AM,10,8_1 ACSA_10,0,Center
8,1,ACSA,AM,AM,13,8_1 ACSA_13,4.77207521,Edge
8,1,ACSA,AM,AM,14,8_1 ACSA_14,0.01570795,Edge
8,1,ACSA,AM,AM,15,8_1 ACSA_15,8.927875182,Edge
8,1,ACSA,AM,AM,16,8_1 ACSA_16,0.162577283,Edge
8,1,ACSA,AM,AM,18,8_1 ACSA_18,0,Edge
8,1,ACSA,AM,AM,19,8_1 ACSA_19,14.25025224,Center
8,1,ACSA,AM,AM,20,8_1 ACSA_20,2.41274112,Center
8,1,NYSY,AM,AM,1,8_1 NYSY_1,0,Edge
8,1,NYSY,AM,AM,2,8_1 NYSY_2,21.63665393,Edge
8,1,NYSY,AM,AM,6,8_1 NYSY_6,12.39880853,Edge
8,1,NYSY,AM,AM,7,8_1 NYSY_7,4.993557305,Edge
8,1,NYSY,AM,AM,11,8_1 NYSY_11,0.98017608,Center
8,1,NYSY,AM,AM,12,8_1 NYSY_12,0.53721189,Center
8,1,NYSY,AM,AM,17,8_1 NYSY_17,0,Edge
8,1,NYSY,AM,AM,18,8_1 NYSY_18,-3.04105912,Edge
8,1,NYSY,AM,AM,20,8_1 NYSY_20,1.150345538,Edge
8,1,PRSE,AM,AM,1,8_1 PRSE_1,44.51397411,Center
8,1,PRSE,AM,AM,2,8_1 PRSE_2,90.17619936,Edge
8,1,PRSE,AM,AM,3,8_1 PRSE_3,568.7377457,Edge
8,1,PRSE,AM,AM,4,8_1 PRSE_4,1131.14414,Center
8,1,PRSE,AM,AM,5,8_1 PRSE_5,1859.474396,Edge
8,1,PRSE,AM,AM,6,8_1 PRSE_6,1015.990206,Center
8,1,PRSE,AM,AM,7,8_1 PRSE_7,344.6533669,Edge
8,1,PRSE,AM,AM,8,8_1 PRSE_8,45.6158868,Edge
8,1,PRSE,AM,AM,9,8_1 PRSE_9,277.1018516,Center
8,1,PRSE,AM,AM,11,8_1 PRSE_11,118.752102,Edge
8,1,PRSE,AM,AM,12,8_1 PRSE_12,175.0577724,Edge
8,1,PRSE,AM,AM,13,8_1 PRSE_13,119.4600069,Edge
8,1,PRSE,AM,AM,15,8_1 PRSE_15,440.3252544,Center
8,1,PRSE,AM,AM,16,8_1 PRSE_16,199.8946593,Edge
8,1,PRSE,AM,AM,19,8_1 PRSE_19,4.388277632,Edge
8,1,PRSE,AM,AM,20,8_1 PRSE_20,16.4933475,Edge
8,1,BELE,EcM,AM,4,8_1 BELE_4,1.145371354,Center
8,1,BELE,EcM,AM,10,8_1 BELE_10,0,Edge
8,1,BELE,EcM,AM,11,8_1 BELE_11,0,Center
8,1,BELE,EcM,AM,13,8_1 BELE_13,0,Edge
8,1,BELE,EcM,AM,20,8_1 BELE_20,88.69755767,Center
8,1,CACO,EcM,AM,3,8_1 CACO_3,0,Edge
8,1,CACO,EcM,AM,8,8_1 CACO_8,0,Center
8,1,CACO,EcM,AM,12,8_1 CACO_12,1.472620313,Center
8,1,CACO,EcM,AM,13,8_1 CACO_13,-21.62984715,Center
8,1,CACO,EcM,AM,16,8_1 CACO_16,0,Center
8,1,CACO,EcM,AM,17,8_1 CACO_17,2.052505467,Edge
8,1,CACO,EcM,AM,19,8_1 CACO_19,0,Edge
8,1,CACO,EcM,AM,20,8_1 CACO_20,0,Edge
8,1,QURU,EcM,AM,1,8_1 QURU_1,9.0477792,Center
8,1,QURU,EcM,AM,2,8_1 QURU_2,209.1042304,Edge
8,1,QURU,EcM,AM,3,8_1 QURU_3,404.2742002,Edge
8,1,QURU,EcM,AM,4,8_1 QURU_4,224.5765612,Edge
8,1,QURU,EcM,AM,5,8_1 QURU_5,123.2236318,Center
8,1,QURU,EcM,AM,6,8_1 QURU_6,26.71922295,Center
8,1,QURU,EcM,AM,8,8_1 QURU_8,0,Edge
8,1,QURU,EcM,AM,9,8_1 QURU_9,146.8261356,Center
8,1,QURU,EcM,AM,10,8_1 QURU_10,0.42411465,Center
8,1,QURU,EcM,AM,12,8_1 QURU_12,38.93477207,Edge
8,1,QURU,EcM,AM,13,8_1 QURU_13,31.16064581,Center
8,1,QURU,EcM,AM,14,8_1 QURU_14,0.058904812,Center
8,1,QURU,EcM,AM,15,8_1 QURU_15,22.90742708,Edge
8,1,QURU,EcM,AM,16,8_1 QURU_16,61.6393048,Edge
8,1,QURU,EcM,AM,19,8_1 QURU_19,0.418878667,Edge
8,1,QURU,EcM,AM,20,8_1 QURU_20,21.26463731,Edge
8,1,TIAM,EcM,AM,2,8_1 TIAM_2,0.083775733,Edge
8,1,TIAM,EcM,AM,3,8_1 TIAM_3,0,Edge
8,1,TIAM,EcM,AM,4,8_1 TIAM_4,-2.862773888,Center
8,1,TIAM,EcM,AM,5,8_1 TIAM_5,21.2057325,Edge
8,1,TIAM,EcM,AM,6,8_1 TIAM_6,29.48905813,Edge
8,1,TIAM,EcM,AM,8,8_1 TIAM_8,105.8506391,Edge
8,1,TIAM,EcM,AM,10,8_1 TIAM_10,10.47196667,Center
8,1,TIAM,EcM,AM,12,8_1 TIAM_12,0.002617992,Center
8,1,TIAM,EcM,AM,14,8_1 TIAM_14,146.9452543,Center
8,1,TIAM,EcM,AM,15,8_1 TIAM_15,2.178169067,Edge
8,1,TIAM,EcM,AM,16,8_1 TIAM_16,8.0424704,Edge
8,1,TIAM,EcM,AM,17,8_1 TIAM_17,62.53727594,Center
8,1,TIAM,EcM,AM,18,8_1 TIAM_18,2.96880255,Edge
8,1,TIAM,EcM,AM,20,8_1 TIAM_20,-0.6597339,Edge
3,5,ACRU,AM,AM,1,3_5 ACRU_1,0.42411465,Edge
3,5,ACRU,AM,AM,3,3_5 ACRU_3,0,Center
3,5,ACRU,AM,AM,5,3_5 ACRU_5,-0.106028663,Edge
3,5,ACRU,AM,AM,7,3_5 ACRU_7,0,Edge
3,5,ACRU,AM,AM,8,3_5 ACRU_8,70.55487542,Center
3,5,ACRU,AM,AM,9,3_5 ACRU_9,3.591884567,Center
3,5,ACRU,AM,AM,10,3_5 ACRU_10,1.93207785,Center
3,5,ACRU,AM,AM,11,3_5 ACRU_11,21.8654664,Center
3,5,ACRU,AM,AM,12,3_5 ACRU_12,17.37691969,Center
3,5,ACRU,AM,AM,13,3_5 ACRU_13,0.146607533,Edge
3,5,ACRU,AM,AM,14,3_5 ACRU_14,4.53959755,Edge
3,5,ACRU,AM,AM,15,3_5 ACRU_15,34.04829062,Center
3,5,ACRU,AM,AM,16,3_5 ACRU_16,28.34970816,Center
3,5,ACRU,AM,AM,17,3_5 ACRU_17,0,Edge
3,5,ACRU,AM,AM,18,3_5 ACRU_18,10.13686373,Edge
3,5,ACRU,AM,AM,20,3_5 ACRU_20,7.6968955,Edge
3,5,ACSA,AM,AM,3,3_5 ACSA_3,0,Center
3,5,ACSA,AM,AM,4,3_5 ACSA_4,6.615664942,Center
3,5,ACSA,AM,AM,6,3_5 ACSA_6,0.1256636,Edge
3,5,ACSA,AM,AM,9,3_5 ACSA_9,0,Edge
3,5,ACSA,AM,AM,11,3_5 ACSA_11,0,Edge
3,5,ACSA,AM,AM,12,3_5 ACSA_12,-0.073303767,Edge
3,5,ACSA,AM,AM,13,3_5 ACSA_13,0,Center
3,5,ACSA,AM,AM,14,3_5 ACSA_14,0,Edge
3,5,ACSA,AM,AM,16,3_5 ACSA_16,0,Edge
3,5,ACSA,AM,AM,17,3_5 ACSA_17,-0.752672604,Edge
3,5,ACSA,AM,AM,19,3_5 ACSA_19,0.005235983,Edge
3,5,ACSA,AM,AM,20,3_5 ACSA_20,0.221220296,Edge
3,5,NYSY,AM,AM,2,3_5 NYSY_2,-36.00785738,Edge
3,5,NYSY,AM,AM,4,3_5 NYSY_4,-3.828812813,Edge
3,5,NYSY,AM,AM,5,3_5 NYSY_5,-0.32986695,Edge
3,5,NYSY,AM,AM,9,3_5 NYSY_9,0.035342888,Edge
3,5,NYSY,AM,AM,11,3_5 NYSY_11,2.827431,Edge
3,5,NYSY,AM,AM,12,3_5 NYSY_12,0.229074271,Edge
3,5,NYSY,AM,AM,13,3_5 NYSY_13,0,Edge
3,5,NYSY,AM,AM,15,3_5 NYSY_15,13.84263094,Center
3,5,NYSY,AM,AM,16,3_5 NYSY_16,15.079632,Center
3,5,NYSY,AM,AM,19,3_5 NYSY_19,0.7539816,Edge
3,5,NYSY,AM,AM,20,3_5 NYSY_20,0,Center
3,5,PRSE,AM,AM,2,3_5 PRSE_2,0,Edge
3,5,PRSE,AM,AM,3,3_5 PRSE_3,27.67348091,Edge
3,5,PRSE,AM,AM,4,3_5 PRSE_4,1.047196667,Edge
3,5,PRSE,AM,AM,5,3_5 PRSE_5,0.102625273,Center
3,5,PRSE,AM,AM,6,3_5 PRSE_6,35.47902307,Edge
3,5,PRSE,AM,AM,7,3_5 PRSE_7,34.89259293,Center
3,5,PRSE,AM,AM,8,3_5 PRSE_8,0.011780963,Edge
3,5,PRSE,AM,AM,9,3_5 PRSE_9,1.090393529,Edge
3,5,PRSE,AM,AM,10,3_5 PRSE_10,153.2533052,Edge
3,5,PRSE,AM,AM,11,3_5 PRSE_11,11.48643844,Center
3,5,PRSE,AM,AM,12,3_5 PRSE_12,0,Edge
3,5,PRSE,AM,AM,14,3_5 PRSE_14,3.0787582,Edge
3,5,PRSE,AM,AM,15,3_5 PRSE_15,9.75463695,Edge
3,5,PRSE,AM,AM,16,3_5 PRSE_16,3.286888538,Edge
3,5,PRSE,AM,AM,17,3_5 PRSE_17,0,Center
3,5,PRSE,AM,AM,18,3_5 PRSE_18,14.66075333,Center
3,5,PRSE,AM,AM,20,3_5 PRSE_20,52.35983333,Center
3,5,BELE,EcM,AM,7,3_5 BELE_7,16.78819881,Center
3,5,BELE,EcM,AM,13,3_5 BELE_13,16.39426961,Center
3,5,BELE,EcM,AM,16,3_5 BELE_16,15.13199183,Edge
3,5,CACO,EcM,AM,1,3_5 CACO_1,0,Edge
3,5,CACO,EcM,AM,2,3_5 CACO_2,0,Edge
3,5,CACO,EcM,AM,5,3_5 CACO_5,0,Edge
3,5,CACO,EcM,AM,8,3_5 CACO_8,0,Center
3,5,CACO,EcM,AM,9,3_5 CACO_9,0,Edge
3,5,CACO,EcM,AM,10,3_5 CACO_10,0.04712385,Edge
3,5,CACO,EcM,AM,11,3_5 CACO_11,0.041887867,Center
3,5,CACO,EcM,AM,12,3_5 CACO_12,0,Edge
3,5,CACO,EcM,AM,13,3_5 CACO_13,0,Center
3,5,CACO,EcM,AM,14,3_5 CACO_14,-0.14137155,Edge
3,5,CACO,EcM,AM,15,3_5 CACO_15,0,Edge
3,5,CACO,EcM,AM,16,3_5 CACO_16,-20.35226722,Edge
3,5,CACO,EcM,AM,17,3_5 CACO_17,0,Center
3,5,CACO,EcM,AM,18,3_5 CACO_18,-0.023561925,Center
3,5,CACO,EcM,AM,19,3_5 CACO_19,-0.293215067,Edge
3,5,QURU,EcM,AM,1,3_5 QURU_1,0.442440592,Center
3,5,QURU,EcM,AM,3,3_5 QURU_3,0,Edge
3,5,QURU,EcM,AM,4,3_5 QURU_4,0,Edge
3,5,QURU,EcM,AM,7,3_5 QURU_7,34.0234197,Center
3,5,QURU,EcM,AM,8,3_5 QURU_8,0,Edge
3,5,QURU,EcM,AM,9,3_5 QURU_9,0,Center
3,5,QURU,EcM,AM,10,3_5 QURU_10,0,Center
3,5,QURU,EcM,AM,11,3_5 QURU_11,0.316776992,Edge
3,5,QURU,EcM,AM,12,3_5 QURU_12,0,Center
3,5,QURU,EcM,AM,13,3_5 QURU_13,1.026252733,Center
3,5,QURU,EcM,AM,14,3_5 QURU_14,0,Center
3,5,QURU,EcM,AM,15,3_5 QURU_15,0.1884954,Edge
3,5,QURU,EcM,AM,16,3_5 QURU_16,0.32986695,Edge
3,5,QURU,EcM,AM,17,3_5 QURU_17,-13.21038595,Edge
3,5,QURU,EcM,AM,18,3_5 QURU_18,-17.01170985,Center
3,5,QURU,EcM,AM,19,3_5 QURU_19,0,Edge
3,5,QURU,EcM,AM,20,3_5 QURU_20,0.654497917,Edge
3,5,TIAM,EcM,AM,2,3_5 TIAM_2,1.5393791,Edge
3,5,TIAM,EcM,AM,3,3_5 TIAM_3,0.002617992,Edge
3,5,TIAM,EcM,AM,4,3_5 TIAM_4,-7.707367467,Center
3,5,TIAM,EcM,AM,5,3_5 TIAM_5,-0.020943933,Center
3,5,TIAM,EcM,AM,6,3_5 TIAM_6,0,Edge
3,5,TIAM,EcM,AM,7,3_5 TIAM_7,-1.591738933,Center
3,5,TIAM,EcM,AM,10,3_5 TIAM_10,-0.4398226,Edge
3,5,TIAM,EcM,AM,11,3_5 TIAM_11,-0.0942477,Edge
3,5,TIAM,EcM,AM,12,3_5 TIAM_12,0.1884954,Edge
3,5,TIAM,EcM,AM,13,3_5 TIAM_13,-3.3929172,Edge
3,5,TIAM,EcM,AM,14,3_5 TIAM_14,0.670205867,Center
3,5,TIAM,EcM,AM,15,3_5 TIAM_15,0,Edge
3,5,TIAM,EcM,AM,16,3_5 TIAM_16,0,Edge
3,5,TIAM,EcM,AM,17,3_5 TIAM_17,0.23561925,Center
3,5,TIAM,EcM,AM,19,3_5 TIAM_19,0.035342888,Center
3,5,TIAM,EcM,AM,20,3_5 TIAM_20,2.433423254,Edge
2,5,ACRU,AM,AM,1,2_5 ACRU_1,0.196349375,Center
2,5,ACRU,AM,AM,2,2_5 ACRU_2,0.233263058,Edge
2,5,ACRU,AM,AM,3,2_5 ACRU_3,-8.2937976,Edge
2,5,ACRU,AM,AM,6,2_5 ACRU_6,7.944295713,Edge
2,5,ACRU,AM,AM,8,2_5 ACRU_8,32.74060378,Center
2,5,ACRU,AM,AM,10,2_5 ACRU_10,-0.002879791,Edge
2,5,ACRU,AM,AM,15,2_5 ACRU_15,14.17642488,Edge
2,5,ACRU,AM,AM,16,2_5 ACRU_16,7.440332317,Center
2,5,ACRU,AM,AM,17,2_5 ACRU_17,14.31125145,Center
2,5,ACRU,AM,AM,19,2_5 ACRU_19,131.4886315,Center
2,5,ACRU,AM,AM,20,2_5 ACRU_20,0.099483683,Center
2,5,ACSA,AM,AM,1,2_5 ACSA_1,6.194168283,Edge
2,5,ACSA,AM,AM,2,2_5 ACSA_2,-0.448985571,Edge
2,5,ACSA,AM,AM,3,2_5 ACSA_3,-11.309724,Center
2,5,ACSA,AM,AM,5,2_5 ACSA_5,-0.064140796,Edge
2,5,ACSA,AM,AM,11,2_5 ACSA_11,6.335539833,Center
2,5,ACSA,AM,AM,12,2_5 ACSA_12,-3.307832471,Center
2,5,ACSA,AM,AM,14,2_5 ACSA_14,-136.2350504,Edge
2,5,ACSA,AM,AM,15,2_5 ACSA_15,-0.890640765,Edge
2,5,ACSA,AM,AM,16,2_5 ACSA_16,0,Edge
2,5,ACSA,AM,AM,17,2_5 ACSA_17,13.99709245,Center
2,5,ACSA,AM,AM,19,2_5 ACSA_19,-0.013089958,Edge
2,5,ACSA,AM,AM,20,2_5 ACSA_20,-0.65030913,Center
2,5,NYSY,AM,AM,1,2_5 NYSY_1,-25.36179427,Edge
2,5,NYSY,AM,AM,2,2_5 NYSY_2,-0.39269875,Edge
2,5,NYSY,AM,AM,4,2_5 NYSY_4,-16.51298244,Edge
2,5,NYSY,AM,AM,8,2_5 NYSY_8,-0.1884954,Center
2,5,NYSY,AM,AM,9,2_5 NYSY_9,0.043196863,Edge
2,5,NYSY,AM,AM,10,2_5 NYSY_10,5.759581667,Edge
2,5,NYSY,AM,AM,11,2_5 NYSY_11,5.198022454,Edge
2,5,NYSY,AM,AM,12,2_5 NYSY_12,0,Center
2,5,NYSY,AM,AM,14,2_5 NYSY_14,-1.439895417,Center
2,5,NYSY,AM,AM,15,2_5 NYSY_15,-0.791942479,Center
2,5,NYSY,AM,AM,16,2_5 NYSY_16,2.362737479,Edge
2,5,NYSY,AM,AM,19,2_5 NYSY_19,6.679805738,Center
2,5,PRSE,AM,AM,1,2_5 PRSE_1,1.346956713,Edge
2,5,PRSE,AM,AM,3,2_5 PRSE_3,31.92509938,Center
2,5,PRSE,AM,AM,4,2_5 PRSE_4,10.62171579,Edge
2,5,PRSE,AM,AM,5,2_5 PRSE_5,9.733693017,Edge
2,5,PRSE,AM,AM,6,2_5 PRSE_6,1.17809625,Edge
2,5,PRSE,AM,AM,7,2_5 PRSE_7,0.365209838,Edge
2,5,PRSE,AM,AM,8,2_5 PRSE_8,0.7539816,Center
2,5,PRSE,AM,AM,9,2_5 PRSE_9,4.82548224,Edge
2,5,PRSE,AM,AM,10,2_5 PRSE_10,86.83747459,Center
2,5,PRSE,AM,AM,11,2_5 PRSE_11,-15.41211694,Edge
2,5,PRSE,AM,AM,12,2_5 PRSE_12,277.8233701,Center
2,5,PRSE,AM,AM,13,2_5 PRSE_13,3.484546908,Edge
2,5,PRSE,AM,AM,16,2_5 PRSE_16,48.23387847,Center
2,5,PRSE,AM,AM,17,2_5 PRSE_17,89.3140947,Center
2,5,PRSE,AM,AM,19,2_5 PRSE_19,-0.008508473,Edge
2,5,PRSE,AM,AM,20,2_5 PRSE_20,0.5026544,Edge
2,5,BELE,EcM,AM,2,2_5 BELE_2,-2.534215933,Edge
2,5,BELE,EcM,AM,5,2_5 BELE_5,232.9575902,Edge
2,5,BELE,EcM,AM,9,2_5 BELE_9,4.53959755,Edge
2,5,BELE,EcM,AM,13,2_5 BELE_13,130.1822536,Edge
2,5,BELE,EcM,AM,17,2_5 BELE_17,7.6340637,Edge
2,5,BELE,EcM,AM,19,2_5 BELE_19,15.8336136,Edge
2,5,CACO,EcM,AM,6,2_5 CACO_6,-11.39349973,Center
2,5,CACO,EcM,AM,13,2_5 CACO_13,-0.89535315,Center
2,5,QURU,EcM,AM,1,2_5 QURU_1,52.35983333,Edge
2,5,QURU,EcM,AM,2,2_5 QURU_2,43.37357694,Center
2,5,QURU,EcM,AM,3,2_5 QURU_3,-387.4470587,Center
2,5,QURU,EcM,AM,8,2_5 QURU_8,20.3575032,Center
2,5,QURU,EcM,AM,10,2_5 QURU_10,226.19448,Edge
2,5,QURU,EcM,AM,13,2_5 QURU_13,3.326158413,Edge
2,5,TIAM,EcM,AM,1,2_5 TIAM_1,-0.756599592,Center
2,5,TIAM,EcM,AM,5,2_5 TIAM_5,-12.66453469,Edge
2,5,TIAM,EcM,AM,6,2_5 TIAM_6,0.1884954,Center
2,5,TIAM,EcM,AM,7,2_5 TIAM_7,183.2175288,Edge
2,5,TIAM,EcM,AM,12,2_5 TIAM_12,-2.850992925,Edge
2,5,TIAM,EcM,AM,17,2_5 TIAM_17,-7.944295713,Center
2,9,ACRU,AM,EcM,1,2_9 ACRU_1,10.1791443,Edge
2,9,ACRU,AM,EcM,2,2_9 ACRU_2,12.0375257,Edge
2,9,ACRU,AM,EcM,4,2_9 ACRU_4,16.7551467,Edge
2,9,ACRU,AM,EcM,5,2_9 ACRU_5,4.82548224,Edge
2,9,ACRU,AM,EcM,8,2_9 ACRU_8,9.49283778,Edge
2,9,ACRU,AM,EcM,9,2_9 ACRU_9,2.43473225,Edge
2,9,ACRU,AM,EcM,10,2_9 ACRU_10,11.3411399,Center
2,9,ACRU,AM,EcM,11,2_9 ACRU_11,0.95425796,Edge
2,9,ACRU,AM,EcM,13,2_9 ACRU_13,0.32070398,Edge
2,9,ACRU,AM,EcM,14,2_9 ACRU_14,33.9066573,Center
2,9,ACRU,AM,EcM,16,2_9 ACRU_16,0.19798562,Edge
2,9,ACRU,AM,EcM,17,2_9 ACRU_17,1.34041173,Edge
2,9,ACRU,AM,EcM,19,2_9 ACRU_19,5.63863045,Center
2,9,ACRU,AM,EcM,20,2_9 ACRU_20,6.49261933,Center
2,9,ACSA,AM,EcM,1,2_9 ACSA_1,-0.007854,Edge
2,9,ACSA,AM,EcM,5,2_9 ACSA_5,0,Edge
2,9,ACSA,AM,EcM,6,2_9 ACSA_6,0,Edge
2,9,ACSA,AM,EcM,7,2_9 ACSA_7,0,Edge
2,9,ACSA,AM,EcM,9,2_9 ACSA_9,0.16755147,Center
2,9,ACSA,AM,EcM,11,2_9 ACSA_11,0,Edge
2,9,ACSA,AM,EcM,12,2_9 ACSA_12,2.48709208,Center
2,9,ACSA,AM,EcM,13,2_9 ACSA_13,-0.2199113,Edge
2,9,ACSA,AM,EcM,14,2_9 ACSA_14,0.02356192,Center
2,9,ACSA,AM,EcM,17,2_9 ACSA_17,0,Edge
2,9,ACSA,AM,EcM,18,2_9 ACSA_18,8.03330743,Center
2,9,ACSA,AM,EcM,19,2_9 ACSA_19,-1.5079632,Edge
2,9,ACSA,AM,EcM,20,2_9 ACSA_20,-0.6872228,Edge
2,9,NYSY,AM,EcM,1,2_9 NYSY_1,6.597339,Edge
2,9,NYSY,AM,EcM,2,2_9 NYSY_2,-0.1178096,Center
2,9,NYSY,AM,EcM,4,2_9 NYSY_4,-3.0146174,Center
2,9,NYSY,AM,EcM,6,2_9 NYSY_6,-0.3351029,Edge
2,9,NYSY,AM,EcM,7,2_9 NYSY_7,-0.0877027,Center
2,9,NYSY,AM,EcM,8,2_9 NYSY_8,5.10704724,Edge
2,9,NYSY,AM,EcM,9,2_9 NYSY_9,0.9118465,Center
2,9,NYSY,AM,EcM,12,2_9 NYSY_12,0.42411465,Center
2,9,NYSY,AM,EcM,14,2_9 NYSY_14,0.09215331,Edge
2,9,NYSY,AM,EcM,15,2_9 NYSY_15,0.74220064,Center
2,9,NYSY,AM,EcM,16,2_9 NYSY_16,0,Center
2,9,PRSE,AM,EcM,1,2_9 PRSE_1,0.1884954,Edge
2,9,PRSE,AM,EcM,2,2_9 PRSE_2,6.49392833,Center
2,9,PRSE,AM,EcM,3,2_9 PRSE_3,-5.5959572,Edge
2,9,PRSE,AM,EcM,5,2_9 PRSE_5,2.5446879,Edge
2,9,PRSE,AM,EcM,7,2_9 PRSE_7,7.539816,Center
2,9,PRSE,AM,EcM,9,2_9 PRSE_9,25.9704773,Edge
2,9,PRSE,AM,EcM,10,2_9 PRSE_10,0,Center
2,9,PRSE,AM,EcM,11,2_9 PRSE_11,0.37934699,Edge
2,9,PRSE,AM,EcM,12,2_9 PRSE_12,0.88488118,Edge
2,9,PRSE,AM,EcM,13,2_9 PRSE_13,21.1408063,Center
2,9,PRSE,AM,EcM,14,2_9 PRSE_14,0.16493348,Edge
2,9,PRSE,AM,EcM,15,2_9 PRSE_15,0.25656318,Center
2,9,PRSE,AM,EcM,16,2_9 PRSE_16,8.46658505,Center
2,9,PRSE,AM,EcM,17,2_9 PRSE_17,0.1884954,Center
2,9,PRSE,AM,EcM,18,2_9 PRSE_18,5.5291984,Edge
2,9,PRSE,AM,EcM,19,2_9 PRSE_19,38.1245036,Center
2,9,BELE,EcM,EcM,1,2_9 BELE_1,7.97337636,Center
2,9,BELE,EcM,EcM,2,2_9 BELE_2,8.19113829,Center
2,9,BELE,EcM,EcM,3,2_9 BELE_3,15.8845074,Edge
2,9,BELE,EcM,EcM,5,2_9 BELE_5,-0.7393418,Edge
2,9,BELE,EcM,EcM,8,2_9 BELE_8,11.4564755,Edge
2,9,BELE,EcM,EcM,9,2_9 BELE_9,0,Center
2,9,BELE,EcM,EcM,10,2_9 BELE_10,5.0049063,Center
2,9,BELE,EcM,EcM,12,2_9 BELE_12,17.9314103,Center
2,9,BELE,EcM,EcM,14,2_9 BELE_14,2.35175239,Edge
2,9,BELE,EcM,EcM,17,2_9 BELE_17,0.93313077,Center
2,9,CACO,EcM,EcM,1,2_9 CACO_1,0.00018326,Edge
2,9,CACO,EcM,EcM,3,2_9 CACO_3,0.36089801,Center
2,9,CACO,EcM,EcM,4,2_9 CACO_4,0.00083776,Center
2,9,CACO,EcM,EcM,6,2_9 CACO_6,0.000060214,Edge
2,9,CACO,EcM,EcM,9,2_9 CACO_9,-0.1013686,Center
2,9,CACO,EcM,EcM,10,2_9 CACO_10,0,Edge
2,9,CACO,EcM,EcM,12,2_9 CACO_12,0.13334217,Center
2,9,CACO,EcM,EcM,13,2_9 CACO_13,-0.1005309,Center
2,9,CACO,EcM,EcM,14,2_9 CACO_14,-0.060528,Edge
2,9,CACO,EcM,EcM,15,2_9 CACO_15,0,Edge
2,9,CACO,EcM,EcM,17,2_9 CACO_17,0.01257945,Edge
2,9,CACO,EcM,EcM,18,2_9 CACO_18,0.00871268,Edge
2,9,CACO,EcM,EcM,20,2_9 CACO_20,-1.0682453,Center
2,9,QURU,EcM,EcM,1,2_9 QURU_1,-0.1539379,Edge
2,9,QURU,EcM,EcM,2,2_9 QURU_2,1.06087306,Center
2,9,QURU,EcM,EcM,3,2_9 QURU_3,10.2206918,Edge
2,9,QURU,EcM,EcM,4,2_9 QURU_4,1.89149898,Center
2,9,QURU,EcM,EcM,5,2_9 QURU_5,17.9081468,Edge
2,9,QURU,EcM,EcM,6,2_9 QURU_6,-14.664816,Edge
2,9,QURU,EcM,EcM,8,2_9 QURU_8,0,Edge
2,9,QURU,EcM,EcM,9,2_9 QURU_9,4.27298128,Edge
2,9,QURU,EcM,EcM,10,2_9 QURU_10,-0.6381224,Edge
2,9,QURU,EcM,EcM,12,2_9 QURU_12,0.02350433,Center
2,9,QURU,EcM,EcM,14,2_9 QURU_14,2.5764965,Edge
2,9,QURU,EcM,EcM,15,2_9 QURU_15,43.1616767,Center
2,9,QURU,EcM,EcM,16,2_9 QURU_16,0.4712385,Edge
2,9,QURU,EcM,EcM,17,2_9 QURU_17,3.79608792,Edge
2,9,QURU,EcM,EcM,18,2_9 QURU_18,44.5980116,Edge
2,9,QURU,EcM,EcM,19,2_9 QURU_19,0.10995565,Center
2,9,QURU,EcM,EcM,20,2_9 QURU_20,28.7507845,Center
2,9,TIAM,EcM,EcM,1,2_9 TIAM_1,0.57726716,Edge
2,9,TIAM,EcM,EcM,2,2_9 TIAM_2,0.11780963,Center
2,9,TIAM,EcM,EcM,3,2_9 TIAM_3,-0.4547452,Center
2,9,TIAM,EcM,EcM,4,2_9 TIAM_4,0.0636172,Edge
2,9,TIAM,EcM,EcM,5,2_9 TIAM_5,5.95514564,Edge
2,9,TIAM,EcM,EcM,6,2_9 TIAM_6,0,Center
2,9,TIAM,EcM,EcM,7,2_9 TIAM_7,0,Edge
2,9,TIAM,EcM,EcM,9,2_9 TIAM_9,0,Center
2,9,TIAM,EcM,EcM,10,2_9 TIAM_10,0,Center
2,9,TIAM,EcM,EcM,13,2_9 TIAM_13,3.48507051,Edge
2,9,TIAM,EcM,EcM,14,2_9 TIAM_14,0,Edge
2,9,TIAM,EcM,EcM,15,2_9 TIAM_15,-1.7318015,Center
2,9,TIAM,EcM,EcM,17,2_9 TIAM_17,1.85825049,Edge
2,9,TIAM,EcM,EcM,18,2_9 TIAM_18,0,Edge
2,9,TIAM,EcM,EcM,20,2_9 TIAM_20,4.2411465,Edge
14,5,ACRU,AM,EcM,2,14_5 ACRU_2,80.5084797,Center
14,5,ACRU,AM,EcM,5,14_5 ACRU_5,0.22907427,Edge
14,5,ACRU,AM,EcM,6,14_5 ACRU_6,8.83572188,Center
14,5,ACRU,AM,EcM,8,14_5 ACRU_8,-0.5026544,Center
14,5,ACRU,AM,EcM,9,14_5 ACRU_9,4.69144107,Edge
14,5,ACRU,AM,EcM,10,14_5 ACRU_10,235.61925,Edge
14,5,ACRU,AM,EcM,12,14_5 ACRU_12,3.0787582,Edge
14,5,ACRU,AM,EcM,14,14_5 ACRU_14,2.45436719,Center
14,5,ACRU,AM,EcM,15,14_5 ACRU_15,2.05905045,Edge
14,5,ACRU,AM,EcM,16,14_5 ACRU_16,43.7309328,Edge
14,5,ACRU,AM,EcM,17,14_5 ACRU_17,0,Edge
14,5,ACRU,AM,EcM,18,14_5 ACRU_18,-3.3078325,Edge
14,5,ACRU,AM,EcM,19,14_5 ACRU_19,0.5026544,Center
14,5,ACRU,AM,EcM,20,14_5 ACRU_20,26.6825711,Center
14,5,ACSA,AM,EcM,4,14_5 ACSA_4,-0.1884954,Edge
14,5,ACSA,AM,EcM,6,14_5 ACSA_6,0.12828159,Center
14,5,ACSA,AM,EcM,7,14_5 ACSA_7,0,Edge
14,5,ACSA,AM,EcM,8,14_5 ACSA_8,0.10471967,Edge
14,5,ACSA,AM,EcM,13,14_5 ACSA_13,6.28318,Edge
14,5,ACSA,AM,EcM,14,14_5 ACSA_14,-31.044145,Center
14,5,ACSA,AM,EcM,15,14_5 ACSA_15,-2.8350232,Center
14,5,ACSA,AM,EcM,16,14_5 ACSA_16,0,Edge
14,5,ACSA,AM,EcM,17,14_5 ACSA_17,0,Edge
14,5,ACSA,AM,EcM,20,14_5 ACSA_20,,Center
14,5,NYSY,AM,EcM,1,14_5 NYSY_1,0,Edge
14,5,NYSY,AM,EcM,3,14_5 NYSY_3,0.0641408,Edge
14,5,NYSY,AM,EcM,4,14_5 NYSY_4,13.5716688,Center
14,5,NYSY,AM,EcM,6,14_5 NYSY_6,-5.6744969,Edge
14,5,NYSY,AM,EcM,8,14_5 NYSY_8,0,Center
14,5,NYSY,AM,EcM,12,14_5 NYSY_12,-3.3078325,Center
14,5,NYSY,AM,EcM,13,14_5 NYSY_13,7.0685775,Center
14,5,NYSY,AM,EcM,14,14_5 NYSY_14,2.5446879,Center
14,5,NYSY,AM,EcM,15,14_5 NYSY_15,2.09439333,Edge
14,5,NYSY,AM,EcM,16,14_5 NYSY_16,0.89797114,Edge
14,5,NYSY,AM,EcM,17,14_5 NYSY_17,0.39793473,Center
14,5,NYSY,AM,EcM,18,14_5 NYSY_18,2.17816907,Center
14,5,NYSY,AM,EcM,19,14_5 NYSY_19,0.15315251,Edge
14,5,NYSY,AM,EcM,20,14_5 NYSY_20,5.3092871,Center
14,5,PRSE,AM,EcM,1,14_5 PRSE_1,90.5720397,Edge
14,5,PRSE,AM,EcM,2,14_5 PRSE_2,7.45604027,Center
14,5,PRSE,AM,EcM,3,14_5 PRSE_3,42.9324453,Edge
14,5,PRSE,AM,EcM,4,14_5 PRSE_4,35.3428875,Edge
14,5,PRSE,AM,EcM,6,14_5 PRSE_6,15.1843517,Edge
14,5,PRSE,AM,EcM,9,14_5 PRSE_9,123.223632,Edge
14,5,PRSE,AM,EcM,10,14_5 PRSE_10,0.45814854,Edge
14,5,PRSE,AM,EcM,11,14_5 PRSE_11,0.44767657,Center
14,5,PRSE,AM,EcM,14,14_5 PRSE_14,131.616913,Center
14,5,PRSE,AM,EcM,15,14_5 PRSE_15,0,Edge
14,5,PRSE,AM,EcM,16,14_5 PRSE_16,3.14159,Edge
14,5,PRSE,AM,EcM,17,14_5 PRSE_17,1.83259417,Center
14,5,PRSE,AM,EcM,18,14_5 PRSE_18,45.238896,Edge
14,5,PRSE,AM,EcM,19,14_5 PRSE_19,2.513272,Edge
14,5,PRSE,AM,EcM,21,14_5 PRSE_21,6.01876284,Edge
14,5,BELE,EcM,EcM,2,14_5 BELE_2,0,Edge
14,5,BELE,EcM,EcM,9,14_5 BELE_9,-17.697624,Edge
14,5,BELE,EcM,EcM,11,14_5 BELE_11,-28.747905,Edge
14,5,BELE,EcM,EcM,12,14_5 BELE_12,151.829118,Center
14,5,BELE,EcM,EcM,17,14_5 BELE_17,1.92422388,Edge
14,5,CACO,EcM,EcM,1,14_5 CACO_1,0,Edge
14,5,CACO,EcM,EcM,3,14_5 CACO_3,0,Edge
14,5,CACO,EcM,EcM,5,14_5 CACO_5,0.25656318,Edge
14,5,CACO,EcM,EcM,6,14_5 CACO_6,0,Edge
14,5,CACO,EcM,EcM,7,14_5 CACO_7,0,Edge
14,5,CACO,EcM,EcM,10,14_5 CACO_10,-1.0471967,Center
14,5,CACO,EcM,EcM,11,14_5 CACO_11,0.04188787,Center
14,5,CACO,EcM,EcM,12,14_5 CACO_12,1.1309724,Center
14,5,CACO,EcM,EcM,13,14_5 CACO_13,-1.0723294,Center
14,5,CACO,EcM,EcM,14,14_5 CACO_14,0.23038327,Center
14,5,CACO,EcM,EcM,16,14_5 CACO_16,0.03665188,Edge
14,5,CACO,EcM,EcM,17,14_5 CACO_17,0.50029821,Edge
14,5,CACO,EcM,EcM,18,14_5 CACO_18,0.76968955,Edge
14,5,CACO,EcM,EcM,20,14_5 CACO_20,-0.5131264,Edge
14,5,QURU,EcM,EcM,1,14_5 QURU_1,0,Center
14,5,QURU,EcM,EcM,2,14_5 QURU_2,0.00523598,Center
14,5,QURU,EcM,EcM,3,14_5 QURU_3,25.2458172,Center
14,5,QURU,EcM,EcM,5,14_5 QURU_5,4.712385,Edge
14,5,QURU,EcM,EcM,6,14_5 QURU_6,0.76968955,Center
14,5,QURU,EcM,EcM,8,14_5 QURU_8,1.37601642,Center
14,5,QURU,EcM,EcM,11,14_5 QURU_11,21.2646373,Edge
14,5,QURU,EcM,EcM,12,14_5 QURU_12,-4.712385,Center
14,5,QURU,EcM,EcM,13,14_5 QURU_13,8.71267627,Center
14,5,QURU,EcM,EcM,14,14_5 QURU_14,1.39381876,Edge
14,5,QURU,EcM,EcM,15,14_5 QURU_15,0.33929172,Edge
14,5,QURU,EcM,EcM,16,14_5 QURU_16,0.10471967,Edge
14,5,QURU,EcM,EcM,17,14_5 QURU_17,0.7853975,Edge
14,5,QURU,EcM,EcM,19,14_5 QURU_19,0.00549778,Edge
14,5,QURU,EcM,EcM,20,14_5 QURU_20,0.48773185,Center
14,5,TIAM,EcM,EcM,1,14_5 TIAM_1,0,Edge
14,5,TIAM,EcM,EcM,2,14_5 TIAM_2,-0.5277871,Edge
14,5,TIAM,EcM,EcM,5,14_5 TIAM_5,0.00523598,Edge
14,5,TIAM,EcM,EcM,6,14_5 TIAM_6,0.16336268,Edge
14,5,TIAM,EcM,EcM,7,14_5 TIAM_7,1.89018998,Edge
14,5,TIAM,EcM,EcM,8,14_5 TIAM_8,13.2732178,Edge
14,5,TIAM,EcM,EcM,9,14_5 TIAM_9,-23.543599,Center
14,5,TIAM,EcM,EcM,11,14_5 TIAM_11,0.47464189,Center
14,5,TIAM,EcM,EcM,12,14_5 TIAM_12,-0.2565632,Edge
14,5,TIAM,EcM,EcM,13,14_5 TIAM_13,13.3596115,Center
14,5,TIAM,EcM,EcM,14,14_5 TIAM_14,0,Edge
14,5,TIAM,EcM,EcM,15,14_5 TIAM_15,-0.1675515,Center
14,5,TIAM,EcM,EcM,17,14_5 TIAM_17,0,Edge
14,5,TIAM,EcM,EcM,19,14_5 TIAM_19,-5.7637705,Center
14,6,ACRU,AM,EcM,1,14_6 ACRU_1,4.6181373,Center
14,6,ACRU,AM,EcM,3,14_6 ACRU_3,6.43109653,Center
14,6,ACRU,AM,EcM,6,14_6 ACRU_6,2.86277389,Edge
14,6,ACRU,AM,EcM,7,14_6 ACRU_7,175.526916,Center
14,6,ACRU,AM,EcM,8,14_6 ACRU_8,1.42549646,Center
14,6,ACRU,AM,EcM,9,14_6 ACRU_9,1.17286027,Edge
14,6,ACRU,AM,EcM,11,14_6 ACRU_11,-0.5864301,Edge
14,6,ACRU,AM,EcM,12,14_6 ACRU_12,0,Edge
14,6,ACRU,AM,EcM,13,14_6 ACRU_13,12.56636,Edge
14,6,ACRU,AM,EcM,14,14_6 ACRU_14,18.6610446,Center
14,6,ACRU,AM,EcM,15,14_6 ACRU_15,-9.2362746,Edge
14,6,ACRU,AM,EcM,16,14_6 ACRU_16,20.3575032,Edge
14,6,ACRU,AM,EcM,17,14_6 ACRU_17,39.3431788,Edge
14,6,ACRU,AM,EcM,18,14_6 ACRU_18,45.7891978,Edge
14,6,ACRU,AM,EcM,19,14_6 ACRU_19,16.2315483,Edge
14,6,ACSA,AM,EcM,1,14_6 ACSA_1,0,Center
14,6,ACSA,AM,EcM,2,14_6 ACSA_2,-0.0066366,Edge
14,6,ACSA,AM,EcM,4,14_6 ACSA_4,0,Center
14,6,ACSA,AM,EcM,5,14_6 ACSA_5,-0.6636609,Center
14,6,ACSA,AM,EcM,6,14_6 ACSA_6,0.16755147,Edge
14,6,ACSA,AM,EcM,7,14_6 ACSA_7,0,Edge
14,6,ACSA,AM,EcM,8,14_6 ACSA_8,0,Edge
14,6,ACSA,AM,EcM,10,14_6 ACSA_10,-1.3809906,Edge
14,6,ACSA,AM,EcM,11,14_6 ACSA_11,3.28688854,Edge
14,6,ACSA,AM,EcM,12,14_6 ACSA_12,0.4398226,Edge
14,6,ACSA,AM,EcM,13,14_6 ACSA_13,0,Edge
14,6,ACSA,AM,EcM,15,14_6 ACSA_15,-0.7696896,Center
14,6,ACSA,AM,EcM,16,14_6 ACSA_16,0.942477,Edge
14,6,ACSA,AM,EcM,18,14_6 ACSA_18,0.55291984,Edge
14,6,ACSA,AM,EcM,19,14_6 ACSA_19,0.01832594,Center
14,6,ACSA,AM,EcM,20,14_6 ACSA_20,-5.6286821,Center
14,6,NYSY,AM,EcM,1,14_6 NYSY_1,0,Edge
14,6,NYSY,AM,EcM,2,14_6 NYSY_2,0,Edge
14,6,NYSY,AM,EcM,3,14_6 NYSY_3,0,Edge
14,6,NYSY,AM,EcM,5,14_6 NYSY_5,0,Center
14,6,NYSY,AM,EcM,6,14_6 NYSY_6,0,Center
14,6,NYSY,AM,EcM,8,14_6 NYSY_8,0,Edge
14,6,NYSY,AM,EcM,9,14_6 NYSY_9,0.80110545,Edge
14,6,NYSY,AM,EcM,10,14_6 NYSY_10,0,Edge
14,6,NYSY,AM,EcM,11,14_6 NYSY_11,0,Edge
14,6,NYSY,AM,EcM,12,14_6 NYSY_12,0,Center
14,6,NYSY,AM,EcM,13,14_6 NYSY_13,-6.4310965,Edge
14,6,NYSY,AM,EcM,16,14_6 NYSY_16,5.90095322,Edge
14,6,NYSY,AM,EcM,20,14_6 NYSY_20,-9.5425796,Edge
14,6,PRSE,AM,EcM,4,14_6 PRSE_4,15.09534,Edge
14,6,PRSE,AM,EcM,5,14_6 PRSE_5,0.93305223,Edge
14,6,PRSE,AM,EcM,6,14_6 PRSE_6,1.42418747,Edge
14,6,PRSE,AM,EcM,7,14_6 PRSE_7,0.10471967,Edge
14,6,PRSE,AM,EcM,8,14_6 PRSE_8,1.83783015,Center
14,6,PRSE,AM,EcM,9,14_6 PRSE_9,6.63660888,Center
14,6,PRSE,AM,EcM,11,14_6 PRSE_11,0.06544979,Edge
14,6,PRSE,AM,EcM,12,14_6 PRSE_12,88.0650509,Edge
14,6,PRSE,AM,EcM,13,14_6 PRSE_13,86.0167342,Edge
14,6,PRSE,AM,EcM,16,14_6 PRSE_16,-0.0353429,Edge
14,6,PRSE,AM,EcM,17,14_6 PRSE_17,0.71837691,Edge
14,6,PRSE,AM,EcM,19,14_6 PRSE_19,6.92720595,Edge
14,6,PRSE,AM,EcM,20,14_6 PRSE_20,2.01454459,Edge
14,6,BELE,EcM,EcM,6,14_6 BELE_6,1.4137155,Edge
14,6,BELE,EcM,EcM,7,14_6 BELE_7,66.4760444,Center
14,6,BELE,EcM,EcM,8,14_6 BELE_8,-6.6706428,Edge
14,6,BELE,EcM,EcM,18,14_6 BELE_18,-26.590418,Edge
14,6,BELE,EcM,EcM,20,14_6 BELE_20,0.47516549,Edge
14,6,CACO,EcM,EcM,1,14_6 CACO_1,-0.7696896,Center
14,6,CACO,EcM,EcM,3,14_6 CACO_3,-4.1050109,Edge
14,6,CACO,EcM,EcM,4,14_6 CACO_4,0.0942477,Edge
14,6,CACO,EcM,EcM,5,14_6 CACO_5,0.1583885,Center
14,6,CACO,EcM,EcM,6,14_6 CACO_6,-2.1841904,Center
14,6,CACO,EcM,EcM,7,14_6 CACO_7,3.53952473,Edge
14,6,CACO,EcM,EcM,8,14_6 CACO_8,-0.2756745,Edge
14,6,CACO,EcM,EcM,10,14_6 CACO_10,0.5654862,Edge
14,6,CACO,EcM,EcM,11,14_6 CACO_11,-0.1204276,Edge
14,6,CACO,EcM,EcM,12,14_6 CACO_12,-1.1309724,Edge
14,6,CACO,EcM,EcM,13,14_6 CACO_13,-0.320704,Edge
14,6,CACO,EcM,EcM,15,14_6 CACO_15,0.08377573,Center
14,6,CACO,EcM,EcM,17,14_6 CACO_17,-14.409426,Center
14,6,CACO,EcM,EcM,18,14_6 CACO_18,0.95425796,Center
14,6,CACO,EcM,EcM,19,14_6 CACO_19,0,Edge
14,6,CACO,EcM,EcM,20,14_6 CACO_20,-0.002618,Edge
14,6,QURU,EcM,EcM,2,14_6 QURU_2,10.2140945,Edge
14,6,QURU,EcM,EcM,4,14_6 QURU_4,9.0477792,Edge
14,6,QURU,EcM,EcM,5,14_6 QURU_5,5.62868208,Edge
14,6,QURU,EcM,EcM,6,14_6 QURU_6,554.176476,Center
14,6,QURU,EcM,EcM,7,14_6 QURU_7,0,Edge
14,6,QURU,EcM,EcM,8,14_6 QURU_8,27.7088238,Center
14,6,QURU,EcM,EcM,9,14_6 QURU_9,3.48454691,Edge
14,6,QURU,EcM,EcM,10,14_6 QURU_10,0.71209373,Edge
14,6,QURU,EcM,EcM,11,14_6 QURU_11,58.2097357,Edge
14,6,QURU,EcM,EcM,12,14_6 QURU_12,0.8482293,Center
14,6,QURU,EcM,EcM,14,14_6 QURU_14,2.01454459,Edge
14,6,QURU,EcM,EcM,15,14_6 QURU_15,215.408354,Center
14,6,QURU,EcM,EcM,17,14_6 QURU_17,9.38288213,Edge
14,6,QURU,EcM,EcM,18,14_6 QURU_18,1.34041173,Edge
14,6,QURU,EcM,EcM,19,14_6 QURU_19,-1.7671444,Center
14,6,TIAM,EcM,EcM,1,14_6 TIAM_1,0.3782998,Edge
14,6,TIAM,EcM,EcM,3,14_6 TIAM_3,0.11780963,Edge
14,6,TIAM,EcM,EcM,4,14_6 TIAM_4,1.73180149,Center
14,6,TIAM,EcM,EcM,5,14_6 TIAM_5,0,Edge
14,6,TIAM,EcM,EcM,6,14_6 TIAM_6,0,Center
14,6,TIAM,EcM,EcM,7,14_6 TIAM_7,0.05759582,Center
14,6,TIAM,EcM,EcM,8,14_6 TIAM_8,1.10610148,Edge
14,6,TIAM,EcM,EcM,9,14_6 TIAM_9,1.76714438,Center
14,6,TIAM,EcM,EcM,10,14_6 TIAM_10,-0.942477,Center
14,6,TIAM,EcM,EcM,11,14_6 TIAM_11,-0.1963494,Edge
14,6,TIAM,EcM,EcM,13,14_6 TIAM_13,-3.0159264,Center
14,6,TIAM,EcM,EcM,15,14_6 TIAM_15,-1.5393791,Edge
14,6,TIAM,EcM,EcM,17,14_6 TIAM_17,0.04712385,Center
14,6,TIAM,EcM,EcM,18,14_6 TIAM_18,2.96880255,Edge
14,6,TIAM,EcM,EcM,20,14_6 TIAM_20,0.8482293,Center
14,7,ACRU,AM,EcM,1,14_7 ACRU_1,43.0083671,Edge
14,7,ACRU,AM,EcM,4,14_7 ACRU_4,0,Edge
14,7,ACRU,AM,EcM,6,14_7 ACRU_6,-0.036651883,Edge
14,7,ACRU,AM,EcM,7,14_7 ACRU_7,0.314159,Center
14,7,ACRU,AM,EcM,8,14_7 ACRU_8,-0.22619448,Center
14,7,ACRU,AM,EcM,12,14_7 ACRU_12,5.301433125,Edge
14,7,ACRU,AM,EcM,13,14_7 ACRU_13,9.42477,Edge
14,7,ACRU,AM,EcM,14,14_7 ACRU_14,19.46738603,Edge
14,7,ACRU,AM,EcM,15,14_7 ACRU_15,18.42935234,Edge
14,7,ACRU,AM,EcM,16,14_7 ACRU_16,-1.513199183,Edge
14,7,ACRU,AM,EcM,18,14_7 ACRU_18,14.4198981,Center
14,7,ACRU,AM,EcM,20,14_7 ACRU_20,3.462293979,Center
14,7,ACSA,AM,EcM,2,14_7 ACSA_2,0,Edge
14,7,ACSA,AM,EcM,3,14_7 ACSA_3,0.654497917,Edge
14,7,ACSA,AM,EcM,4,14_7 ACSA_4,0.041887867,Edge
14,7,ACSA,AM,EcM,5,14_7 ACSA_5,0.065449792,Edge
14,7,ACSA,AM,EcM,7,14_7 ACSA_7,0.32986695,Edge
14,7,ACSA,AM,EcM,8,14_7 ACSA_8,0,Edge
14,7,ACSA,AM,EcM,11,14_7 ACSA_11,2.200421996,Edge
14,7,ACSA,AM,EcM,12,14_7 ACSA_12,6.1575164,Center
14,7,ACSA,AM,EcM,13,14_7 ACSA_13,1.27234395,Center
14,7,ACSA,AM,EcM,14,14_7 ACSA_14,0.742200637,Center
14,7,ACSA,AM,EcM,18,14_7 ACSA_18,24.60912167,Center
14,7,NYSY,AM,EcM,4,14_7 NYSY_4,-8.0424704,Center
14,7,NYSY,AM,EcM,8,14_7 NYSY_8,-0.1884954,Edge
14,7,PRSE,AM,EcM,1,14_7 PRSE_1,6.774053438,Center
14,7,PRSE,AM,EcM,3,14_7 PRSE_3,8.44459392,Center
14,7,PRSE,AM,EcM,5,14_7 PRSE_5,60.3813598,Center
14,7,PRSE,AM,EcM,7,14_7 PRSE_7,9.923497413,Edge
14,7,PRSE,AM,EcM,8,14_7 PRSE_8,9.42477,Center
14,7,PRSE,AM,EcM,9,14_7 PRSE_9,187.5319791,Edge
14,7,PRSE,AM,EcM,10,14_7 PRSE_10,16.16348055,Center
14,7,PRSE,AM,EcM,12,14_7 PRSE_12,96.84474773,Center
14,7,PRSE,AM,EcM,14,14_7 PRSE_14,295.5607872,Center
14,7,PRSE,AM,EcM,15,14_7 PRSE_15,5.235983333,Center
14,7,PRSE,AM,EcM,17,14_7 PRSE_17,-0.51836235,Edge
14,7,PRSE,AM,EcM,18,14_7 PRSE_18,26.55428948,Center
14,7,PRSE,AM,EcM,19,14_7 PRSE_19,129.8523867,Center
14,7,PRSE,AM,EcM,20,14_7 PRSE_20,7.54295759,Center
14,7,BELE,EcM,EcM,5,14_7 BELE_5,16.36464703,Center
14,7,BELE,EcM,EcM,7,14_7 BELE_7,75.39816,Edge
14,7,BELE,EcM,EcM,12,14_7 BELE_12,13.25358281,Edge
14,7,BELE,EcM,EcM,15,14_7 BELE_15,35.47902307,Center
14,7,BELE,EcM,EcM,18,14_7 BELE_18,0.5026544,Edge
14,7,CACO,EcM,EcM,1,14_7 CACO_1,1.795942283,Center
14,7,CACO,EcM,EcM,2,14_7 CACO_2,0.884881183,Center
14,7,CACO,EcM,EcM,5,14_7 CACO_5,-1.891498979,Center
14,7,CACO,EcM,EcM,7,14_7 CACO_7,0.742200638,Edge
14,7,CACO,EcM,EcM,8,14_7 CACO_8,0,Edge
14,7,CACO,EcM,EcM,11,14_7 CACO_11,-8.181223958,Center
14,7,CACO,EcM,EcM,14,14_7 CACO_14,-3.769908,Center
14,7,CACO,EcM,EcM,15,14_7 CACO_15,0.884881183,Center
14,7,CACO,EcM,EcM,16,14_7 CACO_16,0,Edge
14,7,CACO,EcM,EcM,17,14_7 CACO_17,-0.052359833,Center
14,7,CACO,EcM,EcM,18,14_7 CACO_18,-13.27714474,Center
14,7,CACO,EcM,EcM,19,14_7 CACO_19,-1.106101479,Edge
14,7,CACO,EcM,EcM,20,14_7 CACO_20,0.261799167,Edge
14,7,QURU,EcM,EcM,1,14_7 QURU_1,2.4504402,Edge
14,7,QURU,EcM,EcM,3,14_7 QURU_3,0.0314159,Edge
14,7,QURU,EcM,EcM,4,14_7 QURU_4,30.4105912,Edge
14,7,QURU,EcM,EcM,5,14_7 QURU_5,0.962111937,Center
14,7,QURU,EcM,EcM,7,14_7 QURU_7,19.08515925,Edge
14,7,QURU,EcM,EcM,9,14_7 QURU_9,32.84008747,Center
14,7,QURU,EcM,EcM,11,14_7 QURU_11,1.17809625,Edge
14,7,QURU,EcM,EcM,12,14_7 QURU_12,5.131263667,Center
14,7,QURU,EcM,EcM,13,14_7 QURU_13,0.3769908,Edge
14,7,QURU,EcM,EcM,14,14_7 QURU_14,0.136135567,Center
14,7,QURU,EcM,EcM,15,14_7 QURU_15,-279.3973067,Center
14,7,QURU,EcM,EcM,17,14_7 QURU_17,653.7020472,Edge
14,7,QURU,EcM,EcM,19,14_7 QURU_19,0.6597339,Edge
14,7,QURU,EcM,EcM,20,14_7 QURU_20,0.2513272,Center
14,7,TIAM,EcM,EcM,2,14_7 TIAM_2,-6.92720595,Edge
14,7,TIAM,EcM,EcM,3,14_7 TIAM_3,0.106028663,Edge
14,7,TIAM,EcM,EcM,4,14_7 TIAM_4,-3.3929172,Edge
14,7,TIAM,EcM,EcM,5,14_7 TIAM_5,0.167551467,Edge
14,7,TIAM,EcM,EcM,6,14_7 TIAM_6,2.12057325,Edge
14,7,TIAM,EcM,EcM,7,14_7 TIAM_7,2.617991667,Edge
14,7,TIAM,EcM,EcM,8,14_7 TIAM_8,0.073303767,Center
14,7,TIAM,EcM,EcM,10,14_7 TIAM_10,0.654497917,Center
14,7,TIAM,EcM,EcM,11,14_7 TIAM_11,-108.9149983,Center
14,7,TIAM,EcM,EcM,13,14_7 TIAM_13,-5.068431867,Center
14,7,TIAM,EcM,EcM,14,14_7 TIAM_14,0,Edge
14,7,TIAM,EcM,EcM,15,14_7 TIAM_15,0,Center
14,7,TIAM,EcM,EcM,16,14_7 TIAM_16,0,Center